timestamp	waterTempC	airTempC	notes
2017/04/17 22:50:00	23.625	24.187	
2017/04/17 23:10:00	23.437	24.062	
2017/04/17 23:30:00	23.437	24.000	
2017/04/17 23:50:00	23.500	23.937	
2017/04/18 00:10:00	23.312	23.812	
2017/04/18 00:30:00	23.187	23.812	
2017/04/18 00:50:00	23.062	23.750	
2017/04/18 01:10:00	23.062	23.750	
2017/04/18 01:30:00	23.062	23.750	
2017/04/18 01:50:00	22.937	23.687	
2017/04/18 02:10:00	22.812	23.625	
2017/04/18 02:30:00	22.875	23.625	
2017/04/18 02:50:00	22.750	23.625	
2017/04/18 03:10:00	22.750	23.562	
2017/04/18 03:30:00	22.687	23.500	
2017/04/18 03:50:00	22.625	23.500	
2017/04/18 04:10:00	22.500	23.437	
2017/04/18 04:30:00	22.437	23.375	
2017/04/18 04:50:00	22.187	23.312	
2017/04/18 05:10:00	22.187	23.250	
2017/04/18 05:30:00	22.187	23.250	
2017/04/18 05:50:00	22.062	23.187	
2017/04/18 06:10:00	22.000	23.125	
2017/04/18 06:30:00	22.062	23.062	
2017/04/18 06:50:00	21.812	23.000	
2017/04/18 07:10:00	21.875	23.000	
2017/04/18 07:30:00	21.937	22.937	
2017/04/18 07:50:00	21.750	22.875	
2017/04/18 08:10:00	21.812	22.875	
2017/04/18 08:30:00	21.812	22.812	
2017/04/18 08:50:00	21.687	22.750	
2017/04/18 09:10:00	21.750	22.750	
2017/04/18 09:30:00	21.875	22.750	
2017/04/18 09:50:00	21.687	22.687	
2017/04/18 10:10:00	21.812	22.687	
2017/04/18 10:30:00	21.875	22.687	
2017/04/18 10:50:00	21.875	22.687	
2017/04/18 11:10:00	22.062	22.687	
2017/04/18 11:30:00	22.187	22.687	
2017/04/18 11:50:00	22.375	22.750	
2017/04/18 12:10:00	22.687	22.812	
2017/04/18 12:30:00	22.750	22.812	
2017/04/18 12:50:00	22.812	22.875	
2017/04/18 13:10:00	23.312	22.937	
2017/04/18 13:30:00	23.375	23.062	
2017/04/18 13:50:00	23.500	23.125	
2017/04/18 14:10:00	23.562	23.187	
2017/04/18 14:30:00	23.500	23.250	
2017/04/18 14:50:00	23.500	23.312	
2017/04/18 15:10:00	23.562	23.375	
2017/04/18 15:30:10	23.875	23.437	
2017/04/18 15:50:00	24.000	23.500	
2017/04/18 16:10:00	24.312	23.625	
2017/04/18 16:30:00	24.062	23.625	
2017/04/18 16:50:00	23.875	23.687	
2017/04/18 17:10:00	23.687	23.687	
2017/04/18 17:30:00	23.750	23.750	
2017/04/18 17:50:00	23.687	23.750	
2017/04/18 18:10:00	23.875	23.812	
2017/04/18 18:30:00	23.875	23.812	
2017/04/18 18:50:00	23.937	23.875	
2017/04/18 19:10:00	24.062	23.875	
2017/04/18 19:30:00	24.000	23.937	
2017/04/18 19:50:00	23.875	23.937	
2017/04/18 20:10:00	23.875	23.937	
2017/04/18 20:30:00	23.875	23.937	
2017/04/18 20:50:00	23.625	23.937	
2017/04/18 21:10:00	23.562	23.875	
2017/04/18 21:30:00	23.375	23.875	
2017/04/18 21:50:00	23.375	23.875	
2017/04/18 22:10:00	23.187	23.812	
2017/04/18 22:30:00	23.375	23.875	
2017/04/18 22:50:00	23.375	23.812	
2017/04/18 23:10:00	23.437	23.812	
2017/04/18 23:30:00	23.375	23.812	
2017/04/18 23:50:00	23.312	23.812	
2017/04/19 00:10:00	23.375	23.812	
2017/04/19 00:30:00	23.250	23.750	
2017/04/19 00:50:00	23.187	23.750	
2017/04/19 01:10:00	23.250	23.750	
2017/04/19 01:30:00	23.062	23.687	
2017/04/19 01:50:00	23.062	23.687	
2017/04/19 02:10:00	23.062	23.625	
2017/04/19 02:30:00	22.875	23.562	
2017/04/19 02:50:00	22.875	23.562	
2017/04/19 03:10:00	22.875	23.562	
2017/04/19 03:30:00	22.750	23.500	
2017/04/19 03:50:00	22.687	23.437	
2017/04/19 04:10:00	22.625	23.437	
2017/04/19 04:30:00	22.562	23.375	
2017/04/19 04:50:00	22.500	23.312	
2017/04/19 05:10:00	22.500	23.312	
2017/04/19 05:30:00	22.312	23.250	
2017/04/19 05:50:00	22.375	23.187	
2017/04/19 06:15:06	23.4	23.1	The server just re-started
2017/04/19 06:15:25	23.3	23.1	I just upgraded to v0.4.0
2017/04/19 06:30:00	22.9	22.5	
2017/04/19 06:44:34	23.1	22.8	started lights on timer, manually turned on fan
2017/04/19 06:50:00	23.1	22.7	
2017/04/19 07:10:00	23.2	22.9	
2017/04/19 07:30:00	23.2	22.9	
2017/04/19 07:50:00	23.2	22.9	
2017/04/19 08:10:00	23.2	22.9	
2017/04/19 08:30:00	23.2	22.9	
2017/04/19 08:50:00	23.3	22.9	
2017/04/19 09:10:00	23.4	23.0	
2017/04/19 09:30:00	23.4	22.9	
2017/04/19 09:50:00	23.4	23.0	
2017/04/19 10:10:00	23.4	23.1	
2017/04/19 10:30:00	23.5	23.1	
2017/04/19 10:50:00	23.6	23.2	
2017/04/19 11:10:00	23.6	23.3	
2017/04/19 11:30:00	23.7	23.3	
2017/04/19 11:50:00	23.9	23.7	
2017/04/19 12:10:00	24.0	23.8	
2017/04/19 12:30:00	24.2	24.0	
2017/04/19 12:50:00	24.5	24.4	
2017/04/19 13:10:00	24.6	24.5	
2017/04/19 13:30:00	24.7	24.5	
2017/04/19 13:50:00	25.0	25.0	
2017/04/19 14:10:00	25.1	25.1	
2017/04/19 14:30:00	25.2	25.1	
2017/04/19 14:50:00	25.3	25.1	
2017/04/19 15:10:00	25.2	24.8	
2017/04/19 15:30:00	25.2	24.7	
2017/04/19 15:50:00	25.1	24.7	
2017/04/19 16:10:00	25.1	24.7	
2017/04/19 16:30:00	25.1	24.6	
2017/04/19 16:50:00	25.1	24.6	
2017/04/19 17:10:00	25.0	24.4	
2017/04/19 17:17:24	25.0	24.5	noticed a little banding--swapped the ND4 filter for an ND8
2017/04/19 17:30:00	25.1	24.5	
2017/04/19 17:50:00	25.1	24.6	
2017/04/19 18:10:00	25.1	24.6	
2017/04/19 18:30:00	25.1	24.5	
2017/04/19 18:50:00	25.1	24.6	
2017/04/19 19:10:00	25.1	24.6	
2017/04/19 19:30:00	25.1	24.6	
2017/04/19 19:50:00	25.1	24.7	
2017/04/19 20:08:37	24.9	24.7	fan off
2017/04/19 20:10:00	24.9	24.7	
2017/04/19 20:30:00	24.9	24.3	
2017/04/19 20:50:00	24.7	24.2	
2017/04/19 21:10:00	24.6	24.0	
2017/04/19 21:30:00	24.6	24.0	
2017/04/19 21:50:00	24.4	23.8	
2017/04/19 22:10:00	24.4	23.9	
2017/04/19 22:30:00	24.2	23.6	
2017/04/19 22:50:00	24.2	23.6	
2017/04/19 23:10:00	24.2	23.6	
2017/04/19 23:30:00	24.2	23.7	
2017/04/19 23:50:00	24.1	23.7	
2017/04/20 00:10:00	24.1	23.7	
2017/04/20 00:30:00	24.1	23.8	
2017/04/20 00:50:00	24.1	23.7	
2017/04/20 01:10:00	24.0	23.7	
2017/04/20 01:30:00	24.0	23.7	
2017/04/20 01:50:00	23.9	23.7	
2017/04/20 02:10:00	23.9	23.6	
2017/04/20 02:30:00	23.9	23.6	
2017/04/20 02:50:00	23.8	23.6	
2017/04/20 03:10:00	23.7	23.5	
2017/04/20 03:30:00	23.7	23.5	
2017/04/20 03:50:00	23.7	23.4	
2017/04/20 04:10:00	23.6	23.2	
2017/04/20 04:30:00	23.6	23.3	
2017/04/20 04:50:00	23.6	23.2	
2017/04/20 05:10:00	23.6	23.1	
2017/04/20 05:30:00	23.5	23.2	
2017/04/20 05:50:00	23.4	23.1	
2017/04/20 06:10:00	23.8	23.1	
2017/04/20 06:30:00	24.1	23.2	
2017/04/20 06:50:00	24.2	23.1	
2017/04/20 07:10:00	24.4	23.1	
2017/04/20 07:30:00	24.5	23.1	
2017/04/20 07:50:00	24.6	23.1	
2017/04/20 08:10:00	24.7	23.2	
2017/04/20 08:30:00	24.8	23.2	
2017/04/20 08:50:00	24.8	23.2	
2017/04/20 09:10:00	25.0	23.3	
2017/04/20 09:30:00	25.1	23.4	
2017/04/20 09:50:00	25.2	23.4	
2017/04/20 10:10:00	25.4	23.7	
2017/04/20 10:29:20	25.6	24.0	I installed a new external air pump. It's moderately quieter than the built in one that I disabled.
2017/04/20 10:30:00	25.6	24.0	
2017/04/20 10:31:06	25.4	24.0	fan on
2017/04/20 10:50:00	24.9	23.8	
2017/04/20 11:10:00	24.9	24.1	
2017/04/20 11:30:00	24.9	24.2	
2017/04/20 11:50:00	24.7	24.1	
2017/04/20 12:10:00	24.8	24.1	
2017/04/20 12:30:00	24.8	24.2	
2017/04/20 12:50:00	24.7	24.2	
2017/04/20 13:10:00	24.9	24.4	
2017/04/20 13:30:00	25.1	24.7	
2017/04/20 13:50:00	25.0	24.6	
2017/04/20 14:10:00	25.1	24.7	
2017/04/20 14:30:00	25.2	24.9	
2017/04/20 14:50:00	25.2	24.8	
2017/04/20 15:10:00	25.4	25.0	
2017/04/20 15:30:00	25.2	24.8	
2017/04/20 15:50:00	25.4	24.9	
2017/04/20 16:10:00	25.3	24.9	
2017/04/20 16:30:00	25.2	24.7	
2017/04/20 16:50:00	25.2	24.7	
2017/04/20 17:10:00	25.3	24.9	
2017/04/20 17:30:00	25.2	24.8	
2017/04/20 17:50:00	25.2	24.6	
2017/04/20 18:10:00	25.2	24.8	
2017/04/20 18:30:00	25.2	24.7	
2017/04/20 18:50:00	25.4	24.9	
2017/04/20 19:10:00	25.3	24.9	
2017/04/20 19:30:00	25.1	24.6	
2017/04/20 19:50:00	25.2	24.8	
2017/04/20 20:02:12	25.0	24.5	fan off
2017/04/20 20:10:00	25.0	24.4	
2017/04/20 20:30:00	25.1	24.4	
2017/04/20 20:50:00	24.9	24.2	
2017/04/20 20:51:53			The server just re-started
2017/04/20 20:52:03	24.8	24.1	
2017/04/20 20:52:55	24.8	24.1	upgraded to v0.4.2
2017/04/20 21:10:00	24.7	23.9	
2017/04/20 21:30:00	24.5	23.6	
2017/04/20 21:50:00	24.5	23.7	
2017/04/20 22:10:00	24.4	23.6	
2017/04/20 22:30:00	24.4	23.7	
2017/04/20 22:50:00	24.3	23.7	
2017/04/20 23:10:00	24.3	23.7	
2017/04/20 23:30:00	24.1	23.6	
2017/04/20 23:50:00	24.1	23.6	
2017/04/21 00:10:00	24.1	23.6	
2017/04/21 00:30:00	24.0	23.5	
2017/04/21 00:50:00	24.0	23.5	
2017/04/21 01:10:00	23.9	23.5	
2017/04/21 01:30:00	23.9	23.4	
2017/04/21 01:50:00	23.8	23.4	
2017/04/21 02:10:00	23.8	23.4	
2017/04/21 02:30:00	23.7	23.2	
2017/04/21 02:50:00	23.7	23.2	
2017/04/21 03:10:00	23.7	23.2	
2017/04/21 03:30:00	23.6	23.1	
2017/04/21 03:50:00	23.6	23.1	
2017/04/21 04:10:00	23.6	23.1	
2017/04/21 04:30:00	23.5	23.0	
2017/04/21 04:50:00	23.4	23.0	
2017/04/21 05:10:00	23.4	23.0	
2017/04/21 05:30:00	23.4	22.9	
2017/04/21 05:50:00	23.4	22.9	
2017/04/21 06:10:00	23.7	23.0	
2017/04/21 06:30:00	23.9	23.0	
2017/04/21 06:50:00	24.1	23.1	
2017/04/21 07:10:00	24.3	23.1	
2017/04/21 07:30:00	24.4	23.0	
2017/04/21 07:50:00	24.6	23.2	
2017/04/21 08:10:00	24.7	23.2	
2017/04/21 08:30:00	24.7	23.1	
2017/04/21 08:50:00	24.9	23.4	
2017/04/21 09:10:00	24.9	23.2	
2017/04/21 09:30:00	25.1	23.4	
2017/04/21 09:50:00	25.1	23.4	
2017/04/21 10:10:00	25.1	23.2	
2017/04/21 10:30:00	25.1	23.1	
2017/04/21 10:50:00	25.2	23.2	
2017/04/21 11:10:00	25.2	23.1	
2017/04/21 11:30:00	25.2	23.1	
2017/04/21 11:50:00	25.2	23.2	
2017/04/21 12:10:00	25.2	23.1	
2017/04/21 12:11:58	25.1	23.2	fan on
2017/04/21 12:30:00	24.6	23.4	
2017/04/21 12:45:24	24.6	23.5	set air flow regulator for a little less flow because I noticed the bubbles had gotten louder
2017/04/21 12:50:00	24.6	23.6	
2017/04/21 13:10:00	24.4	23.4	
2017/04/21 13:30:00	24.3	23.5	
2017/04/21 13:50:00	24.4	23.7	
2017/04/21 14:10:00	24.2	23.6	
2017/04/21 14:30:00	24.2	23.6	
2017/04/21 14:50:00	24.4	23.9	
2017/04/21 15:04:59	24.4	23.8	I opened the air regulator back up a bit because I noticed bubbles were only coming from 1 of the 3 air diffuser holes
2017/04/21 15:10:00	24.3	23.8	
2017/04/21 15:30:00	24.4	23.9	
2017/04/21 15:50:00	24.5	24.1	
2017/04/21 16:10:00	24.4	23.9	
2017/04/21 16:30:00	24.5	24.0	
2017/04/21 16:50:00	24.6	24.2	
2017/04/21 17:10:00	24.5	23.9	
2017/04/21 17:30:00	24.6	24.2	
2017/04/21 17:50:00	24.7	24.4	
2017/04/21 18:10:00	24.7	24.2	
2017/04/21 18:30:00	24.8	24.4	
2017/04/21 18:50:00	24.9	24.6	
2017/04/21 19:10:00	24.7	24.1	
2017/04/21 19:30:00	24.7	24.2	
2017/04/21 19:50:00	24.7	24.2	
2017/04/21 20:10:00	24.2	23.9	
2017/04/21 20:30:00	24.0	23.6	
2017/04/21 20:50:00	23.9	23.6	
2017/04/21 21:10:00	23.6	23.2	
2017/04/21 21:30:00	23.4	23.1	
2017/04/21 21:44:26	23.3	23.0	fan off
2017/04/21 21:50:00	23.4	22.9	
2017/04/21 22:10:00	23.3	22.6	
2017/04/21 22:30:00	23.2	22.7	
2017/04/21 22:50:00	23.2	22.5	
2017/04/21 23:10:00	23.1	22.3	
2017/04/21 23:30:00	23.0	22.2	
2017/04/21 23:50:00	22.9	22.2	
2017/04/22 00:10:00	22.8	22.1	
2017/04/22 00:30:00	22.7	21.9	
2017/04/22 00:50:00	22.7	21.9	
2017/04/22 01:10:00	22.6	21.7	
2017/04/22 01:30:00	22.5	21.6	
2017/04/22 01:50:00	22.4	21.6	
2017/04/22 02:10:00	22.3	21.4	
2017/04/22 02:30:00	22.2	21.3	
2017/04/22 02:50:00	22.1	21.1	
2017/04/22 03:10:00	22.0	21.0	
2017/04/22 03:30:00	21.9	20.8	
2017/04/22 03:50:00	21.8	20.7	
2017/04/22 04:10:00	21.7	20.6	
2017/04/22 04:30:00	21.6	20.4	
2017/04/22 04:50:00	21.5	20.4	
2017/04/22 05:10:00	21.4	20.3	
2017/04/22 05:30:00	21.2	20.1	
2017/04/22 05:50:00	21.2	20.1	
2017/04/22 06:10:00	21.5	20.2	
2017/04/22 06:30:00	21.9	20.9	
2017/04/22 06:50:00	22.2	21.2	
2017/04/22 07:10:00	22.4	21.4	
2017/04/22 07:30:00	22.7	21.6	
2017/04/22 07:50:00	22.8	21.6	
2017/04/22 08:10:00	22.9	21.6	
2017/04/22 08:30:00	23.1	21.7	
2017/04/22 08:50:00	23.1	21.5	
2017/04/22 09:10:00	23.2	21.6	
2017/04/22 09:30:00	23.3	21.5	
2017/04/22 09:50:00	23.4	21.6	
2017/04/22 10:10:00	23.4	21.5	
2017/04/22 10:30:00	23.5	21.6	
2017/04/22 10:50:00	23.6	21.7	
2017/04/22 11:10:00	23.8	22.0	
2017/04/22 11:30:00	23.7	21.9	
2017/04/22 11:50:00	23.9	21.9	
2017/04/22 12:10:00	24.0	22.3	
2017/04/22 12:30:00	23.9	22.1	
2017/04/22 12:36:54	24.0	22.3	fan on
2017/04/22 12:50:00	23.6	22.2	
2017/04/22 13:10:00	23.6	22.4	
2017/04/22 13:30:00	23.4	22.4	
2017/04/22 13:50:00	23.3	22.2	
2017/04/22 14:10:00	23.4	22.5	
2017/04/22 14:30:00	23.2	22.4	
2017/04/22 14:50:00	23.2	22.4	
2017/04/22 15:10:00	23.2	22.6	
2017/04/22 15:25:13	23.1	22.4	fan off
2017/04/22 15:30:00	23.2	22.3	
2017/04/22 15:50:00	23.6	22.2	
2017/04/22 16:10:00	23.7	22.4	
2017/04/22 16:30:00	23.8	22.4	
2017/04/22 16:50:00	24.0	22.6	
2017/04/22 17:10:00	24.2	22.7	
2017/04/22 17:30:00	24.2	22.6	
2017/04/22 17:50:00	24.3	22.7	
2017/04/22 18:10:00	24.5	23.1	
2017/04/22 18:30:00	24.4	22.9	
2017/04/22 18:50:00	24.5	22.9	
2017/04/22 19:10:00	24.6	22.9	
2017/04/22 19:20:39	24.5	22.7	Black Seeded Simpson sprout showed up yesterday and got bigger today
2017/04/22 19:21:10	24.5	22.7	Parris Island sprout just showed up at about 17:50 today
2017/04/22 19:30:00	24.5	22.7	
2017/04/22 19:50:00	24.6	22.9	
2017/04/22 20:10:00	24.2	22.7	
2017/04/22 20:30:00	24.0	22.4	
2017/04/22 20:50:00	23.8	22.2	
2017/04/22 21:10:00	23.6	22.2	
2017/04/22 21:30:00	23.5	22.0	
2017/04/22 21:50:00	23.3	21.9	
2017/04/22 22:10:00	23.1	21.8	
2017/04/22 22:30:00	22.9	21.5	
2017/04/22 22:50:00	22.8	21.5	
2017/04/22 23:10:00	22.7	21.4	
2017/04/22 23:30:00	22.5	21.3	
2017/04/22 23:50:00	22.4	21.1	
2017/04/23 00:10:00	22.2	21.0	
2017/04/23 00:30:00	22.1	21.0	
2017/04/23 00:50:00	22.1	21.1	
2017/04/23 01:10:00	21.9	20.9	
2017/04/23 01:30:00	21.9	21.0	
2017/04/23 01:50:00	21.9	21.1	
2017/04/23 02:10:00	21.8	21.1	
2017/04/23 02:30:00	21.7	21.1	
2017/04/23 02:50:00	21.7	21.1	
2017/04/23 03:10:00	21.6	20.9	
2017/04/23 03:30:00	21.6	20.8	
2017/04/23 03:50:00	21.5	20.8	
2017/04/23 04:10:00	21.4	20.7	
2017/04/23 04:30:00	21.4	20.7	
2017/04/23 04:50:00	21.5	21.2	
2017/04/23 05:10:00	21.6	21.3	
2017/04/23 05:30:00	21.6	21.4	
2017/04/23 05:50:00	21.5	21.4	
2017/04/23 06:10:00	21.9	21.4	
2017/04/23 06:30:00	22.2	21.5	
2017/04/23 06:50:00	22.4	21.6	
2017/04/23 07:10:00	22.5	21.4	
2017/04/23 07:30:00	22.6	21.5	
2017/04/23 07:50:00	22.8	21.8	
2017/04/23 08:10:00	22.9	21.7	
2017/04/23 08:30:00	22.9	21.7	
2017/04/23 08:50:00	23.1	21.9	
2017/04/23 09:10:00	23.1	21.8	
2017/04/23 09:30:00	23.2	21.7	
2017/04/23 09:50:00	23.2	21.8	
2017/04/23 10:10:00	23.2	21.6	
2017/04/23 10:30:00	23.2	21.7	
2017/04/23 10:50:00	23.4	21.8	
2017/04/23 11:10:00	23.5	22.1	
2017/04/23 11:30:00	23.6	22.2	
2017/04/23 11:33:59	23.7	22.2	turned off air pump
2017/04/23 11:50:00	23.7	22.4	
2017/04/23 12:10:00	23.9	22.4	
2017/04/23 12:30:00	24.1	22.6	
2017/04/23 12:50:00	24.4	22.9	
2017/04/23 12:52:11	24.4	23.1	fan on
2017/04/23 13:10:00	24.1	23.1	
2017/04/23 13:30:00	24.1	23.4	
2017/04/23 13:50:00	24.4	24.0	
2017/04/23 14:10:00	24.3	23.6	
2017/04/23 14:30:00	24.5	23.9	
2017/04/23 14:50:00	24.6	24.2	
2017/04/23 15:10:00	24.5	23.9	
2017/04/23 15:15:13	24.6	24.4	air pump on
2017/04/23 15:30:00	24.7	24.2	
2017/04/23 15:50:00	24.9	24.8	
2017/04/23 16:10:00	24.7	24.3	
2017/04/23 16:30:00	24.6	24.1	
2017/04/23 16:50:00	24.5	23.9	
2017/04/23 17:10:00	24.5	23.9	
2017/04/23 17:30:00	24.4	23.9	
2017/04/23 17:50:00	24.3	23.8	
2017/04/23 18:10:00	24.4	24.0	
2017/04/23 18:30:00	24.5	24.1	
2017/04/23 18:50:00	24.6	24.2	
2017/04/23 19:10:00	24.6	24.2	
2017/04/23 19:30:00	24.6	24.3	
2017/04/23 19:50:00	24.6	24.2	
2017/04/23 20:03:19	24.4	24.1	fan off
2017/04/23 20:10:00	24.4	23.9	
2017/04/23 20:30:00	24.3	23.9	
2017/04/23 20:50:00	24.1	23.5	
2017/04/23 21:10:00	24.0	23.3	
2017/04/23 21:30:00	24.0	23.5	
2017/04/23 21:50:00	23.9	23.3	
2017/04/23 22:10:00	23.7	23.2	
2017/04/23 22:30:00	23.7	23.1	
2017/04/23 22:50:00	23.6	22.9	
2017/04/23 23:10:00	23.4	22.7	
2017/04/23 23:28:27			The server just re-started
2017/04/23 23:28:33	23.4	22.7	
2017/04/23 23:28:55	23.4	22.7	upgraded to v0.4.4
2017/04/23 23:30:00	23.4	22.7	
2017/04/23 23:33:44			The server just re-started
2017/04/23 23:33:50	23.3	22.7	
2017/04/23 23:33:54	23.3	22.7	upgraded to v0.4.5
2017/04/23 23:50:00	23.2	22.6	
2017/04/24 00:10:00	23.2	22.5	
2017/04/24 00:30:00	23.1	22.4	
2017/04/24 00:50:00	23.0	22.3	
2017/04/24 01:10:00	22.8	22.1	
2017/04/24 01:30:00	22.7	22.1	
2017/04/24 01:50:00	22.7	21.9	
2017/04/24 02:10:00	22.6	21.7	
2017/04/24 02:30:00	22.4	21.7	
2017/04/24 02:50:00	22.3	21.6	
2017/04/24 03:10:00	22.2	21.4	
2017/04/24 03:30:00	22.1	21.2	
2017/04/24 03:50:00	22.0	21.1	
2017/04/24 04:10:00	21.9	20.9	
2017/04/24 04:30:00	21.7	20.7	
2017/04/24 04:50:00	21.6	20.6	
2017/04/24 05:10:00	21.5	20.5	
2017/04/24 05:30:00	21.4	20.4	
2017/04/24 05:50:00	21.2	20.2	
2017/04/24 06:10:00	21.5	20.1	
2017/04/24 06:30:00	21.6	20.1	
2017/04/24 06:50:00	21.7	20.1	
2017/04/24 07:10:00	21.7	20.1	
2017/04/24 07:30:00	22.0	20.7	
2017/04/24 07:50:00	22.4	21.4	
2017/04/24 08:10:00	22.6	21.6	
2017/04/24 08:30:00	22.8	21.7	
2017/04/24 08:50:00	22.9	21.7	
2017/04/24 09:10:00	23.0	21.7	
2017/04/24 09:30:00	23.1	21.7	
2017/04/24 09:50:00	23.1	21.7	
2017/04/24 10:10:00	23.2	21.8	
2017/04/24 10:30:00	23.3	21.9	
2017/04/24 10:50:00	23.3	21.7	
2017/04/24 11:10:00	23.5	21.9	
2017/04/24 11:30:00	23.5	21.9	
2017/04/24 11:50:00	23.6	22.1	
2017/04/24 12:10:00	23.7	22.2	
2017/04/24 12:30:00	23.9	22.4	
2017/04/24 12:50:00	24.0	22.4	
2017/04/24 13:10:00	24.3	22.9	
2017/04/24 13:30:00	24.3	22.9	
2017/04/24 13:50:00	24.4	22.8	
2017/04/24 14:09:32	24.6	23.4	fan on
2017/04/24 14:10:00	24.6	23.4	
2017/04/24 14:30:00	24.2	23.5	
2017/04/24 14:50:00	24.2	23.6	
2017/04/24 15:10:00	24.4	23.9	
2017/04/24 15:30:00	24.3	23.9	
2017/04/24 15:50:00	24.3	23.9	
2017/04/24 16:10:00	24.5	24.2	
2017/04/24 16:30:00	24.4	24.1	
2017/04/24 16:50:00	24.5	24.3	
2017/04/24 17:10:00	24.6	24.4	
2017/04/24 17:30:00	24.7	24.6	
2017/04/24 17:50:00	24.7	24.6	
2017/04/24 18:10:00	24.7	24.5	
2017/04/24 18:30:00	24.8	24.5	
2017/04/24 18:50:00	24.8	24.6	
2017/04/24 19:10:00	24.8	24.4	
2017/04/24 19:30:00	24.9	24.6	
2017/04/24 19:50:00	24.9	24.6	
2017/04/24 20:00:50	24.9	24.7	fan off
2017/04/24 20:10:00	24.7	24.5	
2017/04/24 20:30:00	24.6	24.0	
2017/04/24 20:50:00	24.4	23.7	
2017/04/24 21:10:00	24.2	23.6	
2017/04/24 21:30:00	24.1	23.3	
2017/04/24 21:50:00	24.1	23.4	
2017/04/24 22:10:00	23.9	23.2	
2017/04/24 22:30:00	23.9	23.4	
2017/04/24 22:50:00	23.9	23.4	
2017/04/24 23:10:00	23.8	23.4	
2017/04/24 23:30:00	23.7	23.2	
2017/04/24 23:50:00	23.6	23.2	
2017/04/25 00:10:00	23.6	23.2	
2017/04/25 00:30:00	23.5	23.1	
2017/04/25 00:50:00	23.5	23.1	
2017/04/25 01:10:00	23.4	23.1	
2017/04/25 01:30:00	23.3	22.9	
2017/04/25 01:50:00	23.2	22.9	
2017/04/25 02:10:00	23.2	22.7	
2017/04/25 02:30:00	23.1	22.6	
2017/04/25 02:50:00	23.1	22.6	
2017/04/25 03:10:00	23.0	22.6	
2017/04/25 03:30:00	22.9	22.4	
2017/04/25 03:47:01			The server just re-started
2017/04/25 03:47:07	22.9	22.4	
2017/04/25 03:47:41	22.9	22.4	upgraded to v0.5.0
2017/04/25 03:50:00	22.9	22.4	
2017/04/25 04:04:04			The server just re-started
2017/04/25 04:04:10	22.8	22.3	
2017/04/25 04:05:27	22.8	22.3	upgraded to v0.5.1
2017/04/25 04:10:00	22.8	22.3	
2017/04/25 04:30:00	22.7	22.2	
2017/04/25 04:50:00	22.7	22.1	
2017/04/25 05:10:00	22.6	22.1	
2017/04/25 05:30:00	22.6	22.0	
2017/04/25 05:50:00	22.5	21.9	
2017/04/25 06:10:00	22.7	21.9	
2017/04/25 06:30:00	22.9	22.0	
2017/04/25 06:50:00	23.0	21.9	
2017/04/25 07:10:00	23.1	21.8	
2017/04/25 07:30:00	23.2	21.8	
2017/04/25 07:50:00	23.4	21.9	
2017/04/25 08:10:00	23.4	21.9	
2017/04/25 08:30:00	23.6	22.1	
2017/04/25 08:50:00	23.6	22.1	
2017/04/25 09:10:00	23.7	22.1	
2017/04/25 09:24:37	23.5	22.4	fan on
2017/04/25 09:30:00	23.3	22.2	
2017/04/25 09:50:00	23.3	22.6	
2017/04/25 10:10:00	23.2	22.6	
2017/04/25 10:30:00	23.2	22.7	
2017/04/25 10:50:00	23.4	23.0	
2017/04/25 11:10:00	23.4	23.0	
2017/04/25 11:30:00	23.5	23.1	
2017/04/25 11:50:00	23.7	23.5	
2017/04/25 12:10:00	23.7	23.4	
2017/04/25 12:30:00	23.9	23.7	
2017/04/25 12:50:00	24.2	24.2	
2017/04/25 13:10:00	24.3	24.1	
2017/04/25 13:30:00	24.6	24.5	
2017/04/25 13:50:00	24.9	24.9	
2017/04/25 14:10:00	24.9	24.8	
2017/04/25 14:30:00	24.9	24.7	
2017/04/25 14:50:00	24.9	24.6	
2017/04/25 15:10:00	24.7	24.4	
2017/04/25 15:30:00	24.7	24.2	
2017/04/25 15:50:00	24.7	24.2	
2017/04/25 16:10:00	24.7	24.2	
2017/04/25 16:30:00	24.7	24.4	
2017/04/25 16:50:00	24.7	24.4	
2017/04/25 17:10:00	24.7	24.2	
2017/04/25 17:30:00	24.7	24.3	
2017/04/25 17:50:00	24.7	24.3	
2017/04/25 18:10:00	24.7	24.4	
2017/04/25 18:30:00	24.8	24.4	
2017/04/25 18:50:00	24.8	24.4	
2017/04/25 19:10:00	24.8	24.4	
2017/04/25 19:30:00	24.8	24.4	
2017/04/25 19:50:00	24.8	24.5	
2017/04/25 20:10:00	24.5	24.3	
2017/04/25 20:19:39	24.4	24.2	fan off
2017/04/25 20:30:00	24.5	24.3	
2017/04/25 20:50:00	24.4	24.0	
2017/04/25 21:10:00	24.3	23.9	
2017/04/25 21:30:00	24.2	23.8	
2017/04/25 21:50:00	24.2	23.7	
2017/04/25 22:10:00	24.1	23.6	
2017/04/25 22:30:00	24.0	23.6	
2017/04/25 22:50:00	24.0	23.6	
2017/04/25 23:10:00	24.0	23.7	
2017/04/25 23:30:00	24.0	23.8	
2017/04/25 23:50:00	23.9	23.7	
2017/04/26 00:10:00	23.9	23.7	
2017/04/26 00:30:00	23.9	23.7	
2017/04/26 00:50:00	23.8	23.6	
2017/04/26 01:10:00	23.7	23.6	
2017/04/26 01:30:00	23.7	23.6	
2017/04/26 01:50:00	23.7	23.4	
2017/04/26 02:10:00	23.6	23.4	
2017/04/26 02:30:00	23.6	23.4	
2017/04/26 02:50:00	23.6	23.2	
2017/04/26 03:10:00	23.5	23.2	
2017/04/26 03:30:00	23.4	23.2	
2017/04/26 03:50:00	23.4	23.0	
2017/04/26 04:10:00	23.3	22.9	
2017/04/26 04:30:00	23.2	22.9	
2017/04/26 04:50:00	23.1	22.6	
2017/04/26 05:10:00	23.1	22.6	
2017/04/26 05:30:00	23.1	22.5	
2017/04/26 05:50:00	23.0	22.4	
2017/04/26 06:10:00	23.2	22.4	
2017/04/26 06:30:00	23.4	22.4	
2017/04/26 06:50:00	23.5	22.4	
2017/04/26 07:10:00	23.6	22.2	
2017/04/26 07:30:00	23.6	22.1	
2017/04/26 07:50:00	23.6	22.1	
2017/04/26 08:10:00	23.7	22.0	
2017/04/26 08:30:00	23.7	22.0	
2017/04/26 08:50:00	23.7	21.9	
2017/04/26 09:10:00	23.7	21.7	
2017/04/26 09:30:00	23.7	21.8	
2017/04/26 09:39:28	23.7	22.0	fan on
2017/04/26 09:50:00	23.1	22.0	
2017/04/26 10:10:00	23.0	22.1	
2017/04/26 10:30:00	22.9	22.1	
2017/04/26 10:50:00	22.8	22.1	
2017/04/26 11:10:00	22.9	22.2	
2017/04/26 11:30:00	22.7	22.2	
2017/04/26 11:50:00	22.7	22.1	
2017/04/26 12:10:00	22.7	22.2	
2017/04/26 12:30:00	22.8	22.4	
2017/04/26 12:50:00	22.7	22.3	
2017/04/26 13:10:00	22.9	22.5	
2017/04/26 13:30:00	22.7	22.4	
2017/04/26 13:45:04	23.1	22.4	Deer Tongue pod had gray fuzz but no sprouts, so I replaced it with a Curly Parsley pod
2017/04/26 13:50:00	23.2	22.5	
2017/04/26 13:58:12	22.9	22.3	topped off tank with 36 g (=36 mL) of distilled water
2017/04/26 14:10:00	22.9	22.4	
2017/04/26 14:30:00	22.8	22.3	
2017/04/26 14:50:00	22.7	22.2	
2017/04/26 15:10:00	22.7	22.2	
2017/04/26 15:30:00	22.7	22.2	
2017/04/26 15:50:00	22.7	22.3	
2017/04/26 16:10:00	22.9	22.6	
2017/04/26 16:30:00	22.8	22.4	
2017/04/26 16:50:00	22.9	22.6	
2017/04/26 17:10:00	23.1	22.8	
2017/04/26 17:30:00	23.0	22.8	
2017/04/26 17:50:00	23.1	22.9	
2017/04/26 18:10:00	23.3	23.1	
2017/04/26 18:30:00	23.2	22.9	
2017/04/26 18:50:00	23.2	22.9	
2017/04/26 19:10:00	23.4	23.1	
2017/04/26 19:30:00	23.2	22.9	
2017/04/26 19:50:00	23.3	23.0	
2017/04/26 20:10:00	23.0	22.8	
2017/04/26 20:20:45	22.9	22.6	fan off
2017/04/26 20:30:00	22.9	22.5	
2017/04/26 20:50:00	22.9	22.4	
2017/04/26 21:10:00	22.8	22.4	
2017/04/26 21:30:00	22.7	22.1	
2017/04/26 21:50:00	22.7	22.1	
2017/04/26 22:10:00	22.6	22.1	
2017/04/26 22:30:00	22.5	21.8	
2017/04/26 22:50:00	22.4	21.8	
2017/04/26 23:10:00	22.3	21.6	
2017/04/26 23:30:00	22.2	21.6	
2017/04/26 23:50:00	22.2	21.4	
2017/04/27 00:10:00	22.1	21.2	
2017/04/27 00:30:00	22.1	21.4	
2017/04/27 00:50:00	21.9	21.2	
2017/04/27 01:10:00	21.8	21.1	
2017/04/27 01:30:00	21.8	21.0	
2017/04/27 01:50:00	21.7	21.1	
2017/04/27 02:10:00	21.7	21.1	
2017/04/27 02:30:00	21.7	21.2	
2017/04/27 02:50:00	21.6	21.1	
2017/04/27 03:10:00	21.6	20.9	
2017/04/27 03:30:00	21.5	20.9	
2017/04/27 03:50:00	21.5	20.9	
2017/04/27 04:10:00	21.4	20.7	
2017/04/27 04:30:00	21.4	20.9	
2017/04/27 04:50:00	21.5	21.4	
2017/04/27 05:10:00	21.6	21.5	
2017/04/27 05:30:00	21.6	21.6	
2017/04/27 05:50:00	21.6	21.5	
2017/04/27 06:10:00	21.9	21.5	
2017/04/27 06:30:00	22.2	21.6	
2017/04/27 06:50:00	22.4	21.7	
2017/04/27 07:10:00	22.5	21.5	
2017/04/27 07:30:00	22.6	21.6	
2017/04/27 07:50:00	22.8	21.8	
2017/04/27 08:10:00	22.9	21.6	
2017/04/27 08:30:00	23.0	21.6	
2017/04/27 08:50:00	23.2	22.0	
2017/04/27 09:10:00	23.2	21.8	
2017/04/27 09:30:00	23.2	21.7	
2017/04/27 09:50:00	23.3	21.7	
2017/04/27 10:10:00	23.2	21.6	
2017/04/27 10:30:00	23.4	21.7	
2017/04/27 10:50:00	23.4	21.8	
2017/04/27 11:10:00	23.5	21.7	
2017/04/27 11:30:00	23.6	21.9	
2017/04/27 11:50:00	23.7	22.1	
2017/04/27 11:57:33	23.7	22.1	fan on
2017/04/27 12:10:00	23.2	22.2	
2017/04/27 12:30:00	23.2	22.4	
2017/04/27 12:50:00	23.2	22.7	
2017/04/27 13:10:00	23.1	22.6	
2017/04/27 13:30:00	23.3	22.9	
2017/04/27 13:50:00	23.3	23.0	
2017/04/27 13:57:53	23.4	23.1	removed Black Seeded Simpson dome and cleaned Parris Island dome
2017/04/27 14:10:00	23.2	22.9	
2017/04/27 14:30:00	23.4	23.1	
2017/04/27 14:32:41	23.4	23.1	aimed fan to the side a bit
2017/04/27 14:50:00	23.6	23.3	
2017/04/27 15:10:00	23.4	22.9	
2017/04/27 15:30:00	23.6	23.1	
2017/04/27 15:50:00	23.7	23.5	
2017/04/27 16:10:00	23.6	23.1	
2017/04/27 16:30:00	23.9	23.5	
2017/04/27 16:50:00	24.2	23.9	
2017/04/27 17:10:00	24.1	23.7	
2017/04/27 17:30:00	24.2	23.9	
2017/04/27 17:50:00	24.1	23.8	
2017/04/27 18:10:00	24.2	23.7	
2017/04/27 18:30:00	24.4	24.1	
2017/04/27 18:50:00	24.6	24.4	
2017/04/27 19:10:00	24.5	24.2	
2017/04/27 19:30:00	24.6	24.4	
2017/04/27 19:50:00	24.8	24.7	
2017/04/27 19:52:16	24.8	24.7	added 29 mL water
2017/04/27 20:04:39	24.6	24.3	fan off
2017/04/27 20:10:00	24.6	24.2	
2017/04/27 20:30:00	24.5	24.2	
2017/04/27 20:50:00	24.4	24.0	
2017/04/27 21:10:00	24.3	24.1	
2017/04/27 21:30:00	24.2	23.9	
2017/04/27 21:50:00	24.0	23.3	
2017/04/27 22:10:00	23.9	23.1	
2017/04/27 22:30:00	23.7	23.1	
2017/04/27 22:50:00	23.7	23.1	
2017/04/27 23:10:00	23.6	23.1	
2017/04/27 23:30:00	23.6	23.2	
2017/04/27 23:50:00	23.5	23.0	
2017/04/28 00:10:00	23.4	22.9	
2017/04/28 00:30:00	23.4	23.0	
2017/04/28 00:50:00	23.3	22.8	
2017/04/28 01:10:00	23.2	22.7	
2017/04/28 01:30:00	23.2	22.7	
2017/04/28 01:50:00	23.1	22.6	
2017/04/28 02:10:00	23.0	22.5	
2017/04/28 02:30:00	23.0	22.6	
2017/04/28 02:50:00	22.9	22.4	
2017/04/28 03:10:00	22.9	22.4	
2017/04/28 03:30:00	22.8	22.3	
2017/04/28 03:50:00	22.7	22.2	
2017/04/28 04:10:00	22.7	22.2	
2017/04/28 04:30:00	22.6	22.1	
2017/04/28 04:50:00	22.5	22.0	
2017/04/28 05:10:00	22.5	22.0	
2017/04/28 05:30:00	22.4	21.9	
2017/04/28 05:50:00	22.4	21.9	
2017/04/28 06:10:00	22.7	21.9	
2017/04/28 06:30:00	22.9	21.9	
2017/04/28 06:50:00	23.1	21.9	
2017/04/28 07:10:00	23.3	22.0	
2017/04/28 07:30:00	23.4	21.9	
2017/04/28 07:50:00	23.6	22.0	
2017/04/28 08:10:00	23.7	22.2	
2017/04/28 08:30:00	23.9	22.2	
2017/04/28 08:50:00	24.0	22.3	
2017/04/28 09:10:00	24.1	22.4	
2017/04/28 09:30:00	24.2	22.4	
2017/04/28 09:50:00	24.2	22.4	
2017/04/28 10:06:04	24.3	22.7	fan on
2017/04/28 10:10:00	24.0	22.7	
2017/04/28 10:30:00	23.7	22.8	
2017/04/28 10:50:00	23.7	23.0	
2017/04/28 11:10:00	23.9	23.2	
2017/04/28 11:30:00	23.8	23.4	
2017/04/28 11:50:00	23.9	23.5	
2017/04/28 12:10:00	24.2	23.9	
2017/04/28 12:30:00	24.2	24.0	
2017/04/28 12:50:00	24.4	24.2	
2017/04/28 12:58:46	24.5	24.4	opened air line valve--just realized it was shut off since I added water last night
2017/04/28 13:10:00	24.7	24.7	
2017/04/28 13:30:00	24.8	24.8	
2017/04/28 13:50:00	24.9	24.7	
2017/04/28 14:10:00	24.9	24.8	
2017/04/28 14:30:00	24.9	24.8	
2017/04/28 14:50:00	24.8	24.6	
2017/04/28 15:10:00	24.9	24.6	
2017/04/28 15:30:00	24.9	24.7	
2017/04/28 15:50:00	24.8	24.4	
2017/04/28 16:10:00	24.9	24.6	
2017/04/28 16:30:00	24.7	24.4	
2017/04/28 16:50:00	24.9	24.6	
2017/04/28 17:10:00	24.8	24.5	
2017/04/28 17:30:00	24.7	24.2	
2017/04/28 17:50:00	24.8	24.4	
2017/04/28 18:10:00	24.8	24.4	
2017/04/28 18:30:00	24.9	24.4	
2017/04/28 18:50:00	24.9	24.4	
2017/04/28 19:10:00	24.9	24.4	
2017/04/28 19:30:00	24.9	24.4	
2017/04/28 19:50:00	24.8	24.4	
2017/04/28 20:10:00	24.5	24.2	
2017/04/28 20:26:00	24.5	24.5	fan off
2017/04/28 20:30:00	24.5	24.3	
2017/04/28 20:50:00	24.4	23.9	
2017/04/28 21:10:00	24.1	23.3	
2017/04/28 21:30:00	24.1	23.3	
2017/04/28 21:50:00	23.9	23.1	
2017/04/28 22:10:00	23.9	23.1	
2017/04/28 22:30:00	23.9	23.5	
2017/04/28 22:50:00	23.8	23.4	
2017/04/28 23:10:00	23.9	23.6	
2017/04/28 23:30:00	23.9	23.7	
2017/04/28 23:50:00	23.7	23.4	
2017/04/29 00:10:00	23.8	23.7	
2017/04/29 00:30:00	23.7	23.7	
2017/04/29 00:50:00	23.7	23.8	
2017/04/29 01:10:00	23.7	23.4	
2017/04/29 01:30:00	23.7	23.6	
2017/04/29 01:50:00	23.7	23.6	
2017/04/29 02:10:00	23.7	23.6	
2017/04/29 02:30:00	23.6	23.5	
2017/04/29 02:50:00	23.6	23.4	
2017/04/29 03:10:00	23.6	23.5	
2017/04/29 03:30:00	23.6	23.6	
2017/04/29 03:50:00	23.6	23.6	
2017/04/29 04:10:00	23.5	23.4	
2017/04/29 04:30:00	23.5	23.4	
2017/04/29 04:50:00	23.5	23.4	
2017/04/29 05:10:00	23.4	23.4	
2017/04/29 05:30:00	23.4	23.3	
2017/04/29 05:50:00	23.4	23.3	
2017/04/29 06:10:00	23.7	23.2	
2017/04/29 06:30:00	24.0	23.3	
2017/04/29 06:50:00	24.2	23.3	
2017/04/29 07:10:00	24.2	23.1	
2017/04/29 07:30:00	24.4	22.9	
2017/04/29 07:50:00	24.4	22.9	
2017/04/29 08:10:00	24.6	22.9	
2017/04/29 08:30:00	24.6	22.8	
2017/04/29 08:50:00	24.6	22.7	
2017/04/29 09:10:00	24.4	22.4	
2017/04/29 09:29:39	23.9	22.4	fan on
2017/04/29 09:30:00	23.9	22.4	
2017/04/29 09:50:00	23.6	22.4	
2017/04/29 10:10:00	23.4	22.2	
2017/04/29 10:30:00	23.1	22.1	
2017/04/29 10:50:00	23.1	22.2	
2017/04/29 11:10:00	22.9	22.0	
2017/04/29 11:30:00	22.8	22.0	
2017/04/29 11:50:00	22.7	22.0	
2017/04/29 12:10:00	22.6	21.8	
2017/04/29 12:30:00	22.4	21.7	
2017/04/29 12:48:27	22.4	21.9	removed Parris Island pod's humidity dome
2017/04/29 12:50:00	22.4	21.8	
2017/04/29 13:10:00	22.3	21.6	
2017/04/29 13:30:00	22.5	22.1	
2017/04/29 13:50:00	22.6	22.2	
2017/04/29 14:10:00	22.5	22.0	
2017/04/29 14:30:00	22.6	22.1	
2017/04/29 14:37:26	22.7	22.2	fan off
2017/04/29 14:50:00	22.9	21.9	
2017/04/29 15:10:00	23.1	21.9	
2017/04/29 15:30:00	23.2	22.1	
2017/04/29 15:50:00	23.4	22.1	
2017/04/29 16:10:00	23.4	21.8	
2017/04/29 16:30:00	23.5	22.0	
2017/04/29 16:50:00	23.7	22.2	
2017/04/29 17:10:00	23.8	22.3	
2017/04/29 17:12:41	23.6	22.4	fan on
2017/04/29 17:30:00	23.4	22.5	
2017/04/29 17:50:00	23.1	22.4	
2017/04/29 17:58:52	23.2	22.6	fan off
2017/04/29 18:10:00	23.4	22.2	
2017/04/29 18:30:00	23.6	22.2	
2017/04/29 18:50:00	23.7	22.2	
2017/04/29 19:10:00	23.9	22.3	
2017/04/29 19:30:00	23.9	22.3	
2017/04/29 19:50:00	23.8	22.2	
2017/04/29 20:06:34	23.7	22.3	added 31mL water
2017/04/29 20:10:00	23.7	22.2	
2017/04/29 20:30:00	23.5	22.1	
2017/04/29 20:50:00	23.3	21.9	
2017/04/29 21:10:00	23.2	21.9	
2017/04/29 21:30:00	23.1	21.9	
2017/04/29 21:50:00	22.9	21.5	
2017/04/29 22:10:00	22.7	21.4	
2017/04/29 22:30:00	22.6	21.4	
2017/04/29 22:50:00	22.4	21.1	
2017/04/29 23:10:00	22.2	21.1	
2017/04/29 23:30:00	22.2	21.2	
2017/04/29 23:50:00	22.1	21.1	
2017/04/30 00:10:00	22.1	21.1	
2017/04/30 00:30:00	22.0	21.1	
2017/04/30 00:50:00	21.8	20.8	
2017/04/30 01:10:00	21.8	21.1	
2017/04/30 01:30:00	21.7	21.0	
2017/04/30 01:50:00	21.7	21.0	
2017/04/30 02:10:00	21.7	21.0	
2017/04/30 02:30:00	21.6	20.9	
2017/04/30 02:50:00	21.5	20.8	
2017/04/30 03:10:00	21.5	20.9	
2017/04/30 03:30:00	21.4	20.9	
2017/04/30 03:50:00	21.4	20.7	
2017/04/30 04:10:00	21.3	20.7	
2017/04/30 04:30:00	21.2	20.6	
2017/04/30 04:50:00	21.4	21.2	
2017/04/30 05:10:00	21.4	21.2	
2017/04/30 05:30:00	21.4	21.3	
2017/04/30 05:50:00	21.4	21.2	
2017/04/30 06:10:00	21.8	21.4	
2017/04/30 06:30:00	22.1	21.4	
2017/04/30 06:50:00	22.2	21.3	
2017/04/30 07:10:00	22.4	21.5	
2017/04/30 07:30:00	22.6	21.4	
2017/04/30 07:50:00	22.6	21.3	
2017/04/30 08:10:00	22.8	21.6	
2017/04/30 08:30:00	22.8	21.4	
2017/04/30 08:50:00	22.9	21.4	
2017/04/30 09:10:00	23.1	21.5	
2017/04/30 09:30:00	23.0	21.3	
2017/04/30 09:50:00	22.9	21.1	
2017/04/30 10:10:00	23.0	21.2	
2017/04/30 10:30:00	22.9	21.0	
2017/04/30 10:50:00	23.1	21.2	
2017/04/30 11:10:00	23.1	21.2	
2017/04/30 11:30:00	23.1	21.2	
2017/04/30 11:50:00	23.1	21.1	
2017/04/30 12:07:27	23.2	21.6	fan on
2017/04/30 12:10:00	23.1	21.7	
2017/04/30 12:30:00	22.6	21.5	
2017/04/30 12:50:00	22.4	21.4	
2017/04/30 13:10:00	22.4	21.7	
2017/04/30 13:30:00	22.2	21.6	
2017/04/30 13:50:00	22.2	21.6	
2017/04/30 14:10:00	22.2	21.6	
2017/04/30 14:30:00	22.1	21.5	
2017/04/30 14:50:00	21.9	21.5	
2017/04/30 15:10:00	21.9	21.6	
2017/04/30 15:30:00	21.8	21.4	
2017/04/30 15:50:00	21.7	21.3	
2017/04/30 16:10:00	21.9	21.8	
2017/04/30 16:30:00	21.8	21.6	
2017/04/30 16:50:00	22.1	21.9	
2017/04/30 17:10:00	22.1	21.9	
2017/04/30 17:30:00	21.9	21.6	
2017/04/30 17:50:00	21.8	21.5	
2017/04/30 18:10:00	21.9	21.9	
2017/04/30 18:30:00	21.9	21.7	
2017/04/30 18:50:00	21.9	21.7	
2017/04/30 19:10:00	21.9	21.8	
2017/04/30 19:30:00	21.9	21.6	
2017/04/30 19:50:00	21.9	21.8	
2017/04/30 20:10:00	21.6	21.6	
2017/04/30 20:30:00	21.6	21.5	
2017/04/30 20:50:00	21.6	21.8	
2017/04/30 21:10:00	21.4	21.5	
2017/04/30 21:24:38	21.2	21.3	fan off
2017/04/30 21:30:00	21.2	21.2	
2017/04/30 21:50:00	21.1	21.1	
2017/04/30 22:10:00	21.1	20.8	
2017/04/30 22:30:00	21.0	20.5	
2017/04/30 22:50:00	21.0	20.6	
2017/04/30 23:10:00	20.9	20.5	
2017/04/30 23:30:00	20.9	20.4	
2017/04/30 23:50:00	20.9	20.6	
2017/05/01 00:10:00	20.8	20.4	
2017/05/01 00:30:00	20.8	20.5	
2017/05/01 00:50:00	20.8	20.6	
2017/05/01 01:10:00	20.7	20.4	
2017/05/01 01:30:00	20.7	20.5	
2017/05/01 01:50:00	20.7	20.5	
2017/05/01 02:10:00	20.7	20.3	
2017/05/01 02:30:00	20.7	20.4	
2017/05/01 02:50:00	20.7	20.4	
2017/05/01 03:10:00	20.6	20.2	
2017/05/01 03:30:00	20.6	20.2	
2017/05/01 03:50:00	20.6	20.4	
2017/05/01 04:10:00	20.6	20.2	
2017/05/01 04:30:00	20.6	20.2	
2017/05/01 04:50:00	20.6	20.3	
2017/05/01 05:10:00	20.5	20.1	
2017/05/01 05:30:00	20.5	20.1	
2017/05/01 05:50:00	20.5	20.2	
2017/05/01 06:10:00	20.8	20.1	
2017/05/01 06:30:00	21.0	20.2	
2017/05/01 06:50:00	21.3	20.4	
2017/05/01 07:10:00	21.4	20.4	
2017/05/01 07:30:00	21.6	20.6	
2017/05/01 07:50:00	21.7	20.6	
2017/05/01 08:10:00	21.9	20.7	
2017/05/01 08:30:00	22.1	20.7	
2017/05/01 08:50:00	22.2	20.8	
2017/05/01 09:10:00	22.2	20.9	
2017/05/01 09:30:00	22.3	20.9	
2017/05/01 09:50:00	22.5	20.9	
2017/05/01 10:03:19	22.6	21.2	added 4 mL plant food and 35 mL water
2017/05/01 10:10:00	22.4	20.9	
2017/05/01 10:30:00	22.5	21.1	
2017/05/01 10:50:00	22.7	21.3	
2017/05/01 11:10:00	22.6	21.2	
2017/05/01 11:30:00	22.9	21.5	
2017/05/01 11:32:46	22.8	21.7	fan on
2017/05/01 11:50:00	22.5	21.9	
2017/05/01 12:10:00	22.3	21.7	
2017/05/01 12:30:00	22.4	22.0	
2017/05/01 12:50:00	22.6	22.4	
2017/05/01 13:10:00	22.6	22.3	
2017/05/01 13:30:00	22.7	22.6	
2017/05/01 13:50:00	23.0	23.1	
2017/05/01 14:10:00	23.0	22.9	
2017/05/01 14:30:00	23.3	23.3	
2017/05/01 14:50:00	23.6	23.7	
2017/05/01 15:10:00	23.7	23.7	
2017/05/01 15:12:01	23.7	23.6	switched to Active Aqua 3.2L air pump turned down low--it's quieter than my fan now
2017/05/01 15:30:00	23.9	24.0	
2017/05/01 15:50:00	24.1	24.3	
2017/05/01 16:10:00	24.1	24.0	
2017/05/01 16:30:00	24.1	24.1	
2017/05/01 16:50:00	24.3	24.3	
2017/05/01 17:10:00	24.4	24.4	
2017/05/01 17:30:00	24.4	24.4	
2017/05/01 17:50:00	24.5	24.4	
2017/05/01 18:10:00	24.6	24.5	
2017/05/01 18:30:00	24.5	24.4	
2017/05/01 18:50:00	24.6	24.4	
2017/05/01 19:10:00	24.5	24.4	
2017/05/01 19:30:00	24.6	24.5	
2017/05/01 19:50:00	24.5	24.2	
2017/05/01 20:05:26	24.2	24.2	fan off
2017/05/01 20:10:00	24.2	24.1	
2017/05/01 20:30:00	24.2	24.1	
2017/05/01 20:50:00	24.1	23.7	
2017/05/01 21:10:00	23.9	23.6	
2017/05/01 21:21:42			The server just re-started
2017/05/01 21:21:48	23.9	23.4	
2017/05/01 21:30:00	23.9	23.5	
2017/05/01 21:50:00	23.8	23.4	
2017/05/01 22:10:00	23.7	23.3	
2017/05/01 22:30:00	23.7	23.4	
2017/05/01 22:50:00	23.6	23.1	
2017/05/01 23:10:00	23.5	23.1	
2017/05/01 23:30:00	23.4	23.1	
2017/05/01 23:50:00	23.4	22.9	
2017/05/02 00:10:00	23.2	22.8	
2017/05/02 00:23:06			The server just re-started
2017/05/02 00:23:12	23.2	22.7	
2017/05/02 00:25:27	23.2	22.8	upgraded to v0.5.2
2017/05/02 00:30:00	23.2	22.8	
2017/05/02 00:50:00	23.1	22.6	
2017/05/02 01:10:00	23.1	22.6	
2017/05/02 01:30:00	22.9	22.4	
2017/05/02 01:50:00	22.9	22.2	
2017/05/02 02:10:00	22.7	22.2	
2017/05/02 02:30:00	22.7	22.1	
2017/05/02 02:50:00	22.6	21.9	
2017/05/02 03:10:00	22.5	21.7	
2017/05/02 03:30:00	22.4	21.7	
2017/05/02 03:50:00	22.3	21.5	
2017/05/02 04:10:00	22.2	21.4	
2017/05/02 04:30:00	22.1	21.2	
2017/05/02 04:50:00	22.0	21.1	
2017/05/02 05:10:00	21.9	20.9	
2017/05/02 05:30:00	21.7	20.8	
2017/05/02 05:50:00	21.7	20.7	
2017/05/02 06:10:00	21.9	20.7	
2017/05/02 06:30:00	22.1	20.6	
2017/05/02 06:50:00	22.2	20.6	
2017/05/02 07:10:00	22.2	20.4	
2017/05/02 07:30:00	22.4	20.5	
2017/05/02 07:50:00	22.5	20.6	
2017/05/02 08:10:00	22.5	20.6	
2017/05/02 08:30:00	22.6	20.6	
2017/05/02 08:50:00	22.7	20.9	
2017/05/02 09:10:00	22.8	20.9	
2017/05/02 09:30:00	22.9	20.9	
2017/05/02 09:50:00	22.9	21.0	
2017/05/02 10:10:00	23.1	21.2	
2017/05/02 10:30:00	23.2	21.3	
2017/05/02 10:50:00	23.4	21.5	
2017/05/02 11:10:00	23.6	21.9	
2017/05/02 11:30:00	23.7	21.9	
2017/05/02 11:35:36	23.7	22.4	fan on
2017/05/02 11:50:00	23.2	22.2	
2017/05/02 12:10:00	23.4	22.8	
2017/05/02 12:30:00	23.3	22.7	
2017/05/02 12:50:00	23.4	22.9	
2017/05/02 13:10:00	23.7	23.5	
2017/05/02 13:30:00	23.7	23.5	
2017/05/02 13:50:00	23.9	23.8	
2017/05/02 14:10:00	24.3	24.5	
2017/05/02 14:30:00	24.2	24.4	
2017/05/02 14:50:00	24.4	24.4	
2017/05/02 15:10:00	24.6	24.7	
2017/05/02 15:30:00	24.6	24.6	
2017/05/02 15:50:00	24.6	24.5	
2017/05/02 16:10:00	24.6	24.4	
2017/05/02 16:30:00	24.4	24.0	
2017/05/02 16:50:00	24.4	24.0	
2017/05/02 17:10:00	24.4	24.1	
2017/05/02 17:30:00	24.2	23.9	
2017/05/02 17:50:00	24.2	23.8	
2017/05/02 18:10:00	24.3	24.1	
2017/05/02 18:30:00	24.4	24.4	
2017/05/02 18:50:00	24.5	24.5	
2017/05/02 19:10:00	24.5	24.4	
2017/05/02 19:30:00	24.6	24.6	
2017/05/02 19:50:00	24.6	24.6	
2017/05/02 20:10:00	24.2	24.2	
2017/05/02 20:30:00	24.1	24.1	
2017/05/02 20:50:00	23.7	23.6	
2017/05/02 20:59:40	23.6	23.4	fan off
2017/05/02 21:10:00	23.6	23.6	
2017/05/02 21:30:00	23.6	23.4	
2017/05/02 21:50:00	23.6	23.4	
2017/05/02 22:10:00	23.5	23.2	
2017/05/02 22:30:00	23.5	23.4	
2017/05/02 22:38:52	23.5	23.6	added 60 mL water
2017/05/02 22:50:00	23.5	23.6	
2017/05/02 23:10:00	23.4	23.5	
2017/05/02 23:30:00	23.4	23.3	
2017/05/02 23:50:00	23.4	23.5	
2017/05/03 00:10:00	23.4	23.4	
2017/05/03 00:30:00	23.4	23.4	
2017/05/03 00:50:00	23.4	23.4	
2017/05/03 01:10:00	23.3	23.4	
2017/05/03 01:30:00	23.3	23.3	
2017/05/03 01:50:00	23.2	23.4	
2017/05/03 02:10:00	23.2	23.2	
2017/05/03 02:30:00	23.2	23.2	
2017/05/03 02:50:00	23.2	23.2	
2017/05/03 03:10:00	23.1	23.1	
2017/05/03 03:30:00	23.1	23.0	
2017/05/03 03:50:00	23.1	22.9	
2017/05/03 04:10:00	23.1	22.9	
2017/05/03 04:30:00	23.0	22.8	
2017/05/03 04:50:00	23.0	22.8	
2017/05/03 05:10:00	22.9	22.6	
2017/05/03 05:30:00	22.9	22.6	
2017/05/03 05:50:00	22.9	22.6	
2017/05/03 06:10:00	23.2	22.6	
2017/05/03 06:30:00	23.3	22.6	
2017/05/03 06:50:00	23.5	22.5	
2017/05/03 07:10:00	23.6	22.4	
2017/05/03 07:30:00	23.6	22.4	
2017/05/03 07:50:00	23.7	22.3	
2017/05/03 08:10:00	23.8	22.2	
2017/05/03 08:30:00	23.9	22.4	
2017/05/03 08:50:00	23.9	22.4	
2017/05/03 09:10:00	23.9	22.3	
2017/05/03 09:30:00	24.1	22.4	
2017/05/03 09:50:00	24.1	22.4	
2017/05/03 10:10:00	24.0	22.2	
2017/05/03 10:30:00	24.1	22.2	
2017/05/03 10:50:00	24.1	22.2	
2017/05/03 11:06:06	23.8	22.4	fan on
2017/05/03 11:10:00	23.6	22.2	
2017/05/03 11:30:00	23.2	22.2	
2017/05/03 11:50:00	23.1	22.4	
2017/05/03 12:00:33	23.1	22.2	fan off
2017/05/03 12:02:33	23.2	22.4	fan on
2017/05/03 12:10:00	22.9	22.3	
2017/05/03 12:30:00	23.0	22.4	
2017/05/03 12:50:00	23.0	22.6	
2017/05/03 13:10:00	22.9	22.6	
2017/05/03 13:30:00	23.1	22.7	
2017/05/03 13:50:00	23.1	22.9	
2017/05/03 14:10:00	23.0	22.7	
2017/05/03 14:30:00	23.2	23.0	
2017/05/03 14:50:00	23.2	23.1	
2017/05/03 15:10:00	23.2	22.9	
2017/05/03 15:30:00	23.3	23.2	
2017/05/03 15:50:00	23.4	23.3	
2017/05/03 16:10:00	23.4	23.2	
2017/05/03 16:30:00	23.5	23.4	
2017/05/03 16:50:00	23.5	23.4	
2017/05/03 17:10:00	23.6	23.5	
2017/05/03 17:30:00	23.7	23.7	
2017/05/03 17:50:00	23.7	23.7	
2017/05/03 18:10:00	23.8	23.7	
2017/05/03 18:30:00	23.9	23.9	
2017/05/03 18:50:00	24.0	24.0	
2017/05/03 19:10:00	24.1	24.0	
2017/05/03 19:30:00	24.1	24.1	
2017/05/03 19:50:00	24.1	23.9	
2017/05/03 20:10:00	23.7	23.6	
2017/05/03 20:30:00	23.6	23.6	
2017/05/03 20:50:00	23.4	23.5	
2017/05/03 21:09:55	23.4	23.5	fan off
2017/05/03 21:10:00	23.4	23.5	
2017/05/03 21:30:00	23.2	23.4	
2017/05/03 21:50:00	23.2	23.1	
2017/05/03 22:10:00	23.1	23.1	
2017/05/03 22:30:00	23.1	23.0	
2017/05/03 22:50:00	23.1	22.7	
2017/05/03 23:10:00	23.0	22.6	
2017/05/03 23:30:00	22.9	22.6	
2017/05/03 23:50:00	22.9	22.5	
2017/05/04 00:10:00	22.8	22.4	
2017/05/04 00:30:00	22.7	22.3	
2017/05/04 00:50:00	22.7	22.1	
2017/05/04 01:10:00	22.6	22.1	
2017/05/04 01:30:00	22.6	22.0	
2017/05/04 01:50:00	22.4	21.7	
2017/05/04 02:10:00	22.4	21.7	
2017/05/04 02:30:00	22.2	21.6	
2017/05/04 02:50:00	22.2	21.4	
2017/05/04 03:10:00	22.1	21.3	
2017/05/04 03:30:00	22.0	21.1	
2017/05/04 03:50:00	21.9	21.1	
2017/05/04 04:10:00	21.8	20.9	
2017/05/04 04:30:00	21.7	21.1	
2017/05/04 04:50:00	21.7	21.0	
2017/05/04 05:10:00	21.6	20.8	
2017/05/04 05:30:00	21.6	20.9	
2017/05/04 05:50:00	21.6	20.9	
2017/05/04 06:10:00	21.9	20.9	
2017/05/04 06:30:00	22.1	21.0	
2017/05/04 06:50:00	22.2	20.9	
2017/05/04 07:10:00	22.5	21.2	
2017/05/04 07:30:00	22.6	21.1	
2017/05/04 07:50:00	22.7	21.2	
2017/05/04 08:10:00	22.8	21.4	
2017/05/04 08:30:00	22.9	21.4	
2017/05/04 08:50:00	22.9	21.3	
2017/05/04 09:10:00	23.1	21.6	
2017/05/04 09:30:00	23.2	21.5	
2017/05/04 09:50:00	23.1	21.4	
2017/05/04 10:10:00	23.4	21.5	
2017/05/04 10:30:00	23.3	21.5	
2017/05/04 10:50:00	23.5	21.6	
2017/05/04 10:59:14	23.5	21.7	fan on
2017/05/04 11:10:00	23.1	22.0	
2017/05/04 11:30:00	22.9	21.9	
2017/05/04 11:50:00	22.8	21.9	
2017/05/04 12:10:00	23.0	22.4	
2017/05/04 12:30:00	22.9	22.3	
2017/05/04 12:50:00	23.0	22.4	
2017/05/04 13:10:00	23.2	23.0	
2017/05/04 13:30:00	23.2	22.7	
2017/05/04 13:50:00	23.4	23.1	
2017/05/04 14:02:03	23.5	23.2	the 2 biggest black seeded simpson leaves are about 4cm
2017/05/04 14:02:50	23.5	23.2	the biggest parris island leaves are 2.5cm and 2.9cm
2017/05/04 14:10:00	23.7	23.5	
2017/05/04 14:30:00	23.6	23.3	
2017/05/04 14:50:00	23.9	23.7	
2017/05/04 15:10:00	24.2	24.2	
2017/05/04 15:30:00	24.0	23.8	
2017/05/04 15:50:00	24.2	23.9	
2017/05/04 16:10:00	24.4	24.5	
2017/05/04 16:30:00	24.2	24.1	
2017/05/04 16:50:00	24.4	24.3	
2017/05/04 17:10:00	24.7	24.7	
2017/05/04 17:30:00	24.4	24.2	
2017/05/04 17:50:00	24.7	24.6	
2017/05/04 18:10:00	24.9	24.9	
2017/05/04 18:30:00	24.7	24.6	
2017/05/04 18:50:00	24.9	24.7	
2017/05/04 19:10:00	24.9	24.9	
2017/05/04 19:20:25	24.9	24.8	I switched to a larger and quieter fan this afternoon
2017/05/04 19:30:00	24.9	24.7	
2017/05/04 19:50:00	24.9	24.7	
2017/05/04 20:10:00	24.6	24.7	
2017/05/04 20:30:00	24.4	24.3	
2017/05/04 20:50:00	24.4	24.5	
2017/05/04 21:10:00	24.1	24.2	
2017/05/04 21:30:00	23.9	23.9	
2017/05/04 21:39:28	23.7	23.7	fan off
2017/05/04 21:50:00	23.7	23.6	
2017/05/04 22:10:00	23.7	23.6	
2017/05/04 22:30:00	23.6	23.3	
2017/05/04 22:39:03	23.6	23.4	added 60mL water
2017/05/04 22:50:00	23.6	23.3	
2017/05/04 23:10:00	23.5	23.1	
2017/05/04 23:30:00	23.4	22.9	
2017/05/04 23:50:00	23.3	22.9	
2017/05/05 00:10:00	23.2	22.7	
2017/05/05 00:30:00	23.1	22.5	
2017/05/05 00:50:00	23.1	22.6	
2017/05/05 01:10:00	23.0	22.4	
2017/05/05 01:30:00	22.9	22.2	
2017/05/05 01:50:00	22.8	22.1	
2017/05/05 02:10:00	22.7	22.0	
2017/05/05 02:30:00	22.6	21.8	
2017/05/05 02:50:00	22.5	21.6	
2017/05/05 03:10:00	22.4	21.6	
2017/05/05 03:30:00	22.2	21.3	
2017/05/05 03:50:00	22.2	21.1	
2017/05/05 04:10:00	22.1	21.1	
2017/05/05 04:30:00	22.0	21.0	
2017/05/05 04:50:00	21.8	20.7	
2017/05/05 05:10:00	21.7	20.7	
2017/05/05 05:30:00	21.6	20.6	
2017/05/05 05:50:00	21.5	20.3	
2017/05/05 06:10:00	21.8	20.4	
2017/05/05 06:30:00	21.8	20.2	
2017/05/05 06:50:00	21.9	20.1	
2017/05/05 07:10:00	22.0	20.2	
2017/05/05 07:30:00	22.1	20.1	
2017/05/05 07:50:00	22.2	20.1	
2017/05/05 08:10:00	22.2	20.4	
2017/05/05 08:30:00	22.4	20.3	
2017/05/05 08:50:00	22.4	20.4	
2017/05/05 09:10:00	22.3	20.4	
2017/05/05 09:30:00	22.6	20.7	
2017/05/05 09:50:00	22.7	20.9	
2017/05/05 10:10:00	22.7	20.9	
2017/05/05 10:30:00	23.1	21.2	
2017/05/05 10:50:00	23.1	21.4	
2017/05/05 11:10:00	23.2	21.3	
2017/05/05 11:30:00	22.9	21.9	
2017/05/05 11:31:29	22.9	21.9	fan on
2017/05/05 11:50:00	23.1	22.6	
2017/05/05 12:10:00	22.9	22.4	
2017/05/05 12:30:00	23.2	22.9	
2017/05/05 12:50:00	23.4	23.4	
2017/05/05 13:10:00	23.4	23.2	
2017/05/05 13:30:00	23.8	23.6	
2017/05/05 13:50:00	23.9	24.1	
2017/05/05 14:10:00	24.1	24.1	
2017/05/05 14:30:00	24.6	24.6	
2017/05/05 14:50:00	24.7	24.9	
2017/05/05 15:10:00	24.7	24.7	
2017/05/05 15:30:00	24.8	24.9	
2017/05/05 15:50:00	24.7	24.6	
2017/05/05 16:10:00	24.7	24.5	
2017/05/05 16:30:00	24.7	24.6	
2017/05/05 16:50:00	24.6	24.5	
2017/05/05 17:10:00	24.4	24.1	
2017/05/05 17:30:00	24.4	24.2	
2017/05/05 17:50:00	24.6	24.4	
2017/05/05 18:10:00	24.6	24.5	
2017/05/05 18:30:00	24.7	24.6	
2017/05/05 18:50:00	24.8	24.7	
2017/05/05 19:10:00	24.8	24.8	
2017/05/05 19:30:00	24.9	24.9	
2017/05/05 19:50:00	24.7	24.7	
2017/05/05 20:10:00	24.7	24.7	
2017/05/05 20:30:00	24.6	24.7	
2017/05/05 20:50:00	24.2	24.1	
2017/05/05 21:10:00	24.1	24.1	
2017/05/05 21:30:00	23.8	23.8	
2017/05/05 21:50:00	23.9	24.1	
2017/05/05 22:10:00	23.8	24.1	
2017/05/05 22:17:33	23.7	23.7	fan off
2017/05/05 22:30:00	23.4	23.6	
2017/05/05 22:50:00	23.4	23.4	
2017/05/05 23:10:00	23.4	23.4	
2017/05/05 23:30:00	23.3	23.4	
2017/05/05 23:50:00	23.3	23.2	
2017/05/06 00:10:00	23.2	23.2	
2017/05/06 00:30:00	23.2	23.1	
2017/05/06 00:50:00	23.2	22.9	
2017/05/06 01:10:00	23.1	22.9	
2017/05/06 01:30:00	23.1	22.8	
2017/05/06 01:50:00	23.0	22.6	
2017/05/06 02:10:00	23.0	22.6	
2017/05/06 02:30:00	22.9	22.4	
2017/05/06 02:50:00	22.8	22.2	
2017/05/06 03:10:00	22.7	22.2	
2017/05/06 03:30:00	22.6	22.1	
2017/05/06 03:50:00	22.6	21.9	
2017/05/06 04:10:00	22.5	21.7	
2017/05/06 04:30:00	22.4	21.7	
2017/05/06 04:50:00	22.3	21.6	
2017/05/06 05:10:00	22.2	21.4	
2017/05/06 05:30:00	22.1	21.3	
2017/05/06 05:50:00	22.0	21.2	
2017/05/06 06:10:00	22.3	21.1	
2017/05/06 06:30:00	22.4	21.1	
2017/05/06 06:50:00	22.6	21.0	
2017/05/06 07:10:00	22.6	21.0	
2017/05/06 07:30:00	22.7	21.1	
2017/05/06 07:50:00	22.8	21.1	
2017/05/06 08:10:00	22.9	21.1	
2017/05/06 08:30:00	22.9	21.2	
2017/05/06 08:50:00	23.1	21.3	
2017/05/06 09:10:00	23.2	21.5	
2017/05/06 09:30:00	23.4	21.7	
2017/05/06 09:50:00	23.5	21.9	
2017/05/06 10:10:00	23.7	22.1	
2017/05/06 10:22:35	23.2	22.1	fan on
2017/05/06 10:30:00	23.1	22.2	
2017/05/06 10:50:00	23.2	22.4	
2017/05/06 11:10:00	23.3	22.9	
2017/05/06 11:30:00	23.2	22.7	
2017/05/06 11:50:00	23.4	23.0	
2017/05/06 12:10:00	23.8	23.8	
2017/05/06 12:30:00	23.7	23.5	
2017/05/06 12:50:00	24.1	23.9	
2017/05/06 13:10:00	24.3	24.5	
2017/05/06 13:30:00	24.4	24.3	
2017/05/06 13:50:00	24.7	24.7	
2017/05/06 14:10:00	25.1	25.2	
2017/05/06 14:30:00	24.9	25.0	
2017/05/06 14:50:00	24.9	24.8	
2017/05/06 15:10:00	24.7	24.6	
2017/05/06 15:30:00	24.8	24.6	
2017/05/06 15:50:00	24.8	24.6	
2017/05/06 16:10:00	24.9	24.7	
2017/05/06 16:30:00	24.9	24.7	
2017/05/06 16:50:00	24.9	24.8	
2017/05/06 17:10:00	24.9	24.7	
2017/05/06 17:30:00	24.9	24.7	
2017/05/06 17:50:00	25.0	24.8	
2017/05/06 18:10:00	25.0	24.8	
2017/05/06 18:30:00	25.1	24.9	
2017/05/06 18:50:00	25.1	25.0	
2017/05/06 19:10:00	25.1	25.0	
2017/05/06 19:30:00	25.1	24.9	
2017/05/06 19:50:00	25.0	24.7	
2017/05/06 20:10:00	24.6	24.5	
2017/05/06 20:30:00	24.4	24.3	
2017/05/06 20:50:00	24.2	24.1	
2017/05/06 21:10:00	23.9	23.7	
2017/05/06 21:30:00	23.9	23.7	
2017/05/06 21:39:32	23.7	23.7	fan off
2017/05/06 21:50:00	23.7	23.7	
2017/05/06 22:10:00	23.6	23.5	
2017/05/06 22:30:00	23.6	23.6	
2017/05/06 22:42:17	23.6	23.7	added 99 mL water
2017/05/06 22:50:00	23.6	23.6	
2017/05/06 23:10:00	23.6	23.7	
2017/05/06 23:30:00	23.6	23.7	
2017/05/06 23:50:00	23.6	23.7	
2017/05/07 00:10:00	23.6	23.7	
2017/05/07 00:30:00	23.5	23.7	
2017/05/07 00:50:00	23.5	23.7	
2017/05/07 01:10:00	23.5	23.6	
2017/05/07 01:30:00	23.4	23.5	
2017/05/07 01:50:00	23.4	23.5	
2017/05/07 02:10:00	23.4	23.3	
2017/05/07 02:30:00	23.3	23.2	
2017/05/07 02:50:00	23.3	23.2	
2017/05/07 03:10:00	23.2	23.0	
2017/05/07 03:30:00	23.2	22.9	
2017/05/07 03:50:00	23.1	22.9	
2017/05/07 04:10:00	23.1	22.7	
2017/05/07 04:30:00	23.0	22.6	
2017/05/07 04:50:00	22.9	22.6	
2017/05/07 05:10:00	22.9	22.4	
2017/05/07 05:30:00	22.8	22.3	
2017/05/07 05:50:00	22.7	22.3	
2017/05/07 06:10:00	23.1	22.3	
2017/05/07 06:30:00	23.3	22.3	
2017/05/07 06:50:00	23.4	22.1	
2017/05/07 07:10:00	23.6	22.2	
2017/05/07 07:30:00	23.6	22.1	
2017/05/07 07:50:00	23.7	22.2	
2017/05/07 08:10:00	23.7	22.2	
2017/05/07 08:30:00	23.9	22.2	
2017/05/07 08:50:00	23.9	22.3	
2017/05/07 09:10:00	23.9	22.3	
2017/05/07 09:30:00	24.2	22.6	
2017/05/07 09:33:25	24.0	22.6	fan on
2017/05/07 09:50:00	23.6	22.8	
2017/05/07 10:10:00	23.5	22.8	
2017/05/07 10:30:00	23.6	23.1	
2017/05/07 10:50:00	23.6	23.3	
2017/05/07 11:10:00	23.6	23.3	
2017/05/07 11:30:00	23.9	23.7	
2017/05/07 11:50:00	24.1	24.1	
2017/05/07 12:10:00	24.1	23.9	
2017/05/07 12:30:00	24.4	24.4	
2017/05/07 12:50:00	24.6	24.8	
2017/05/07 13:10:00	24.7	24.8	
2017/05/07 13:30:00	25.1	25.2	
2017/05/07 13:50:00	25.1	25.1	
2017/05/07 14:10:00	25.1	25.1	
2017/05/07 14:30:00	25.1	25.1	
2017/05/07 14:50:00	24.9	24.7	
2017/05/07 15:10:00	24.9	24.6	
2017/05/07 15:30:00	24.9	24.7	
2017/05/07 15:50:00	24.9	24.6	
2017/05/07 16:10:00	24.9	24.6	
2017/05/07 16:30:00	24.8	24.6	
2017/05/07 16:50:00	24.9	24.6	
2017/05/07 17:10:00	24.8	24.6	
2017/05/07 17:30:00	24.8	24.6	
2017/05/07 17:50:00	24.8	24.6	
2017/05/07 18:10:00	24.8	24.6	
2017/05/07 18:30:00	24.7	24.6	
2017/05/07 18:50:00	24.7	24.6	
2017/05/07 19:10:00	24.8	24.6	
2017/05/07 19:30:00	24.9	25.0	
2017/05/07 19:50:00	25.0	25.0	
2017/05/07 20:10:00	24.6	24.7	
2017/05/07 20:30:00	24.6	24.7	
2017/05/07 20:50:00	24.3	24.2	
2017/05/07 21:10:00	24.1	24.2	
2017/05/07 21:30:00	23.9	23.8	
2017/05/07 21:50:00	24.0	24.2	
2017/05/07 22:10:00	23.8	24.0	
2017/05/07 22:30:00	23.5	23.6	
2017/05/07 22:45:46	23.6	23.9	fan off
2017/05/07 22:50:00	23.5	23.9	
2017/05/07 23:10:00	23.4	23.9	
2017/05/07 23:30:00	23.4	23.9	
2017/05/07 23:50:00	23.4	23.9	
2017/05/08 00:10:00	23.4	23.9	
2017/05/08 00:30:00	23.4	23.9	
2017/05/08 00:50:00	23.4	23.8	
2017/05/08 01:10:00	23.4	23.7	
2017/05/08 01:30:00	23.4	23.6	
2017/05/08 01:50:00	23.4	23.7	
2017/05/08 02:10:00	23.4	23.6	
2017/05/08 02:30:00	23.4	23.5	
2017/05/08 02:50:00	23.4	23.4	
2017/05/08 03:10:00	23.3	23.4	
2017/05/08 03:30:00	23.2	23.2	
2017/05/08 03:50:00	23.2	23.1	
2017/05/08 04:10:00	23.2	23.1	
2017/05/08 04:30:00	23.1	22.9	
2017/05/08 04:50:00	23.1	22.9	
2017/05/08 05:10:00	23.1	22.9	
2017/05/08 05:30:00	23.0	22.7	
2017/05/08 05:50:00	22.9	22.6	
2017/05/08 06:10:00	23.4	22.7	
2017/05/08 06:30:00	23.5	22.6	
2017/05/08 06:50:00	23.7	22.6	
2017/05/08 07:10:00	23.8	22.6	
2017/05/08 07:30:00	23.9	22.6	
2017/05/08 07:50:00	24.0	22.7	
2017/05/08 08:10:00	24.1	22.7	
2017/05/08 08:30:00	24.2	22.9	
2017/05/08 08:50:00	24.4	23.0	
2017/05/08 09:10:00	24.6	23.1	
2017/05/08 09:30:00	24.6	23.1	
2017/05/08 09:50:00	24.7	23.2	
2017/05/08 10:10:00	24.8	23.4	
2017/05/08 10:30:00	24.9	23.3	
2017/05/08 10:50:00	25.0	23.4	
2017/05/08 11:02:19	24.9	23.7	fan on
2017/05/08 11:10:00	24.7	24.1	
2017/05/08 11:26:47	24.6	24.1	first small harvest--just a few leaves @ <1g
2017/05/08 11:30:00	24.6	24.1	
2017/05/08 11:50:00	24.7	24.4	
2017/05/08 12:10:00	25.0	24.9	
2017/05/08 12:30:00	24.9	24.7	
2017/05/08 12:50:00	25.1	25.0	
2017/05/08 13:10:00	25.4	25.6	
2017/05/08 13:30:00	25.2	25.2	
2017/05/08 13:50:00	25.2	25.1	
2017/05/08 14:10:00	25.1	24.9	
2017/05/08 14:30:00	25.2	25.0	
2017/05/08 14:50:00	25.4	25.2	
2017/05/08 15:10:00	25.3	25.1	
2017/05/08 15:30:00	25.2	25.0	
2017/05/08 15:50:00	25.2	24.9	
2017/05/08 16:10:00	25.2	24.9	
2017/05/08 16:30:00	25.1	24.9	
2017/05/08 16:50:00	25.1	24.8	
2017/05/08 17:10:00	25.1	24.8	
2017/05/08 17:30:00	25.1	24.9	
2017/05/08 17:50:00	25.0	24.7	
2017/05/08 18:10:00	25.1	24.8	
2017/05/08 18:30:00	25.0	24.7	
2017/05/08 18:50:00	25.0	24.9	
2017/05/08 18:50:45	25.1	24.9	turned up air pump flow rate to test if it will close gap between tank temp and air temp
2017/05/08 19:10:00	25.0	24.7	
2017/05/08 19:30:00	25.0	24.7	
2017/05/08 19:50:00	24.9	24.6	
2017/05/08 20:01:25	24.9	25.0	more air flow didn't seem to affect the temperature gap
2017/05/08 20:10:00	24.6	24.3	
2017/05/08 20:30:00	24.7	24.8	
2017/05/08 20:50:00	24.3	24.1	
2017/05/08 21:10:00	24.4	24.4	
2017/05/08 21:30:00	24.2	24.4	
2017/05/08 21:50:00	24.1	24.2	
2017/05/08 22:10:00	24.1	24.4	
2017/05/08 22:16:32	23.8	23.6	fan off
2017/05/08 22:30:00	23.7	23.9	
2017/05/08 22:50:00	23.6	23.6	
2017/05/08 23:10:00	23.7	23.9	
2017/05/08 23:30:00	23.7	23.9	
2017/05/08 23:50:00	23.6	24.0	
2017/05/09 00:10:00	23.6	23.9	
2017/05/09 00:30:00	23.6	24.0	
2017/05/09 00:50:00	23.6	24.0	
2017/05/09 01:10:00	23.7	23.9	
2017/05/09 01:30:00	23.6	23.8	
2017/05/09 01:50:00	23.6	23.8	
2017/05/09 02:10:00	23.6	23.7	
2017/05/09 02:30:00	23.6	23.7	
2017/05/09 02:50:00	23.6	23.7	
2017/05/09 03:10:00	23.6	23.6	
2017/05/09 03:30:00	23.5	23.4	
2017/05/09 03:50:00	23.5	23.4	
2017/05/09 04:10:00	23.4	23.3	
2017/05/09 04:30:00	23.4	23.2	
2017/05/09 04:50:00	23.4	23.2	
2017/05/09 05:10:00	23.3	23.1	
2017/05/09 05:30:00	23.2	23.1	
2017/05/09 05:50:00	23.2	23.0	
2017/05/09 06:10:00	23.6	22.9	
2017/05/09 06:30:00	23.8	23.1	
2017/05/09 06:50:00	23.9	23.1	
2017/05/09 07:10:00	24.1	23.1	
2017/05/09 07:30:00	24.2	23.1	
2017/05/09 07:50:00	24.4	23.0	
2017/05/09 08:10:00	24.4	22.8	
2017/05/09 08:30:00	24.5	23.0	
2017/05/09 08:50:00	24.5	23.0	
2017/05/09 09:10:00	24.6	22.9	
2017/05/09 09:30:00	24.7	23.1	
2017/05/09 09:50:00	24.7	23.1	
2017/05/09 10:10:00	24.8	23.2	
2017/05/09 10:30:00	25.0	23.5	
2017/05/09 10:50:00	25.1	23.5	
2017/05/09 10:58:10	24.9	23.7	fan on
2017/05/09 11:10:00	24.5	23.8	
2017/05/09 11:30:00	24.6	24.2	
2017/05/09 11:50:00	24.6	24.4	
2017/05/09 12:10:00	24.7	24.4	
2017/05/09 12:30:00	25.0	25.0	
2017/05/09 12:50:00	25.0	25.1	
2017/05/09 13:10:00	25.1	25.0	
2017/05/09 13:30:00	25.4	25.4	
2017/05/09 13:50:00	25.4	25.3	
2017/05/09 14:10:00	25.2	25.1	
2017/05/09 14:30:00	25.2	25.1	
2017/05/09 14:50:00	25.3	25.2	
2017/05/09 15:10:00	25.1	24.7	
2017/05/09 15:30:00	25.1	24.7	
2017/05/09 15:50:00	25.1	25.1	
2017/05/09 16:10:00	24.9	24.6	
2017/05/09 16:30:00	24.9	24.5	
2017/05/09 16:50:00	24.9	24.6	
2017/05/09 17:10:00	24.9	24.9	
2017/05/09 17:30:00	24.7	24.4	
2017/05/09 17:50:00	24.9	24.7	
2017/05/09 18:10:00	25.0	24.9	
2017/05/09 18:30:00	25.0	24.9	
2017/05/09 18:50:00	24.9	24.8	
2017/05/09 19:10:00	24.9	24.9	
2017/05/09 19:30:00	25.0	24.9	
2017/05/09 19:50:00	24.9	24.7	
2017/05/09 20:10:00	24.7	24.7	
2017/05/09 20:30:00	24.7	24.7	
2017/05/09 20:50:00	24.2	24.1	
2017/05/09 21:10:00	24.1	23.9	
2017/05/09 21:30:00	24.0	24.0	
2017/05/09 21:50:00	23.8	23.7	
2017/05/09 22:10:00	23.8	24.0	
2017/05/09 22:30:00	23.6	23.8	
2017/05/09 22:50:00	23.7	23.8	
2017/05/09 23:06:02	23.6	23.8	fan off
2017/05/09 23:10:00	23.4	23.7	
2017/05/09 23:30:00	23.4	23.6	
2017/05/09 23:50:00	23.4	23.7	
2017/05/10 00:10:00	23.4	23.9	
2017/05/10 00:30:00	23.4	23.9	
2017/05/10 00:50:00	23.4	23.9	
2017/05/10 01:10:00	23.5	24.1	
2017/05/10 01:30:00	23.5	24.0	
2017/05/10 01:50:00	23.5	24.0	
2017/05/10 02:10:00	23.5	23.9	
2017/05/10 02:16:22	23.5	23.9	I harvested a couple more leaves--this time well after lights out. The leaves were crisp enough to make crunching noises.
2017/05/10 02:30:00	23.5	23.9	
2017/05/10 02:50:00	23.6	23.9	
2017/05/10 03:10:00	23.6	24.1	
2017/05/10 03:30:00	23.6	24.0	
2017/05/10 03:50:00	23.6	23.9	
2017/05/10 04:10:00	23.6	24.1	
2017/05/10 04:30:00	23.6	23.9	
2017/05/10 04:50:00	23.6	24.0	
2017/05/10 05:10:00	23.6	24.1	
2017/05/10 05:30:00	23.6	23.9	
2017/05/10 05:50:00	23.6	24.0	
2017/05/10 06:10:00	24.1	24.1	
2017/05/10 06:30:00	24.3	24.0	
2017/05/10 06:50:00	24.6	24.1	
2017/05/10 07:10:00	24.8	24.2	
2017/05/10 07:30:00	24.9	24.0	
2017/05/10 07:48:19	24.9	24.3	fan on
2017/05/10 07:50:00	24.8	24.2	
2017/05/10 08:10:00	24.7	24.5	
2017/05/10 08:30:00	24.7	24.4	
2017/05/10 08:50:00	24.7	24.4	
2017/05/10 09:10:00	24.8	24.7	
2017/05/10 09:30:00	24.8	24.7	
2017/05/10 09:50:00	24.9	24.8	
2017/05/10 10:10:00	24.9	24.9	
2017/05/10 10:30:00	24.9	24.7	
2017/05/10 10:50:00	24.9	24.7	
2017/05/10 11:10:00	24.9	24.9	
2017/05/10 11:30:00	24.9	24.7	
2017/05/10 11:50:00	24.9	24.7	
2017/05/10 12:10:00	25.0	24.9	
2017/05/10 12:30:00	24.9	24.7	
2017/05/10 12:50:00	25.1	25.0	
2017/05/10 13:10:00	25.1	25.1	
2017/05/10 13:30:00	25.1	24.9	
2017/05/10 13:50:00	25.1	25.0	
2017/05/10 14:10:00	25.2	25.2	
2017/05/10 14:30:00	25.1	25.0	
2017/05/10 14:50:00	25.2	25.2	
2017/05/10 15:10:00	25.2	25.1	
2017/05/10 15:30:00	25.2	25.1	
2017/05/10 15:50:00	25.3	25.2	
2017/05/10 16:10:00	25.2	25.0	
2017/05/10 16:30:00	25.1	25.0	
2017/05/10 16:50:00	25.4	25.3	
2017/05/10 17:10:00	25.2	25.1	
2017/05/10 17:30:00	25.1	25.0	
2017/05/10 17:50:00	25.0	24.7	
2017/05/10 18:10:00	25.0	24.7	
2017/05/10 18:30:00	25.0	24.9	
2017/05/10 18:50:00	25.1	25.1	
2017/05/10 18:52:53	25.1	24.9	cut 1 medium leaf--moderately crisp
2017/05/10 19:10:00	25.1	25.1	
2017/05/10 19:30:00	25.1	24.9	
2017/05/10 19:50:00	25.1	24.9	
2017/05/10 20:10:00	24.8	24.6	
2017/05/10 20:30:00	24.9	25.0	
2017/05/10 20:44:32	24.7	24.8	fan off
2017/05/10 20:50:00	24.6	24.3	
2017/05/10 21:10:00	24.4	23.9	
2017/05/10 21:30:00	24.3	23.9	
2017/05/10 21:50:00	24.4	23.9	
2017/05/10 22:10:00	24.2	23.8	
2017/05/10 22:30:00	24.2	23.7	
2017/05/10 22:50:00	24.2	23.8	
2017/05/10 23:10:00	24.1	23.8	
2017/05/10 23:30:00	24.1	23.7	
2017/05/10 23:50:00	24.1	23.8	
2017/05/11 00:10:00	24.1	23.7	
2017/05/11 00:30:00	24.0	23.7	
2017/05/11 00:50:00	24.0	23.7	
2017/05/11 01:10:00	23.9	23.6	
2017/05/11 01:30:00	23.9	23.6	
2017/05/11 01:50:00	23.9	23.6	
2017/05/11 02:10:00	23.8	23.4	
2017/05/11 02:30:00	23.7	23.4	
2017/05/11 02:50:00	23.7	23.4	
2017/05/11 03:10:00	23.7	23.3	
2017/05/11 03:30:00	23.6	23.2	
2017/05/11 03:50:00	23.6	23.4	
2017/05/11 04:10:00	23.5	23.1	
2017/05/11 04:30:00	23.5	23.2	
2017/05/11 04:50:00	23.5	23.2	
2017/05/11 05:10:00	23.4	23.1	
2017/05/11 05:30:00	23.4	23.1	
2017/05/11 05:50:00	23.4	23.1	
2017/05/11 06:10:00	23.7	23.0	
2017/05/11 06:30:00	23.9	23.1	
2017/05/11 06:50:00	24.1	23.2	
2017/05/11 07:10:00	24.2	23.1	
2017/05/11 07:30:00	24.4	23.1	
2017/05/11 07:50:00	24.4	23.1	
2017/05/11 08:10:00	24.4	23.1	
2017/05/11 08:30:00	24.6	23.2	
2017/05/11 08:50:00	24.7	23.3	
2017/05/11 09:10:00	24.7	23.3	
2017/05/11 09:30:00	24.9	23.5	
2017/05/11 09:50:00	25.1	23.5	
2017/05/11 10:10:00	25.1	23.4	
2017/05/11 10:30:00	24.8	23.8	
2017/05/11 10:50:00	24.6	24.2	
2017/05/11 11:10:00	24.6	24.1	
2017/05/11 11:30:00	24.7	24.4	
2017/05/11 11:50:00	24.9	24.9	
2017/05/11 12:10:00	24.9	24.8	
2017/05/11 12:30:00	25.2	25.2	
2017/05/11 12:50:00	25.1	25.2	
2017/05/11 13:10:00	25.1	25.1	
2017/05/11 13:30:00	25.0	24.9	
2017/05/11 13:50:00	24.9	24.7	
2017/05/11 14:10:00	25.0	24.8	
2017/05/11 14:30:00	24.9	24.7	
2017/05/11 14:50:00	24.9	24.7	
2017/05/11 15:10:00	24.8	24.6	
2017/05/11 15:30:00	24.8	24.6	
2017/05/11 15:38:26	24.9	24.7	cut 1 big Parris I. leaf and 2 B.S.S. leaves
2017/05/11 15:50:00	24.9	24.6	
2017/05/11 16:10:00	24.9	24.6	
2017/05/11 16:30:00	24.9	24.6	
2017/05/11 16:50:00	24.9	24.7	
2017/05/11 17:10:00	24.9	24.6	
2017/05/11 17:30:00	24.9	24.7	
2017/05/11 17:50:00	25.1	24.8	
2017/05/11 18:10:00	25.1	24.9	
2017/05/11 18:30:00	25.1	24.9	
2017/05/11 18:50:00	25.2	24.9	
2017/05/11 19:10:00	25.1	24.9	
2017/05/11 19:30:00	25.1	25.1	
2017/05/11 19:50:00	24.9	24.7	
2017/05/11 20:10:00	24.8	24.7	
2017/05/11 20:30:00	24.8	24.7	
2017/05/11 20:50:00	24.6	24.2	
2017/05/11 21:10:00	24.6	24.6	
2017/05/11 21:30:00	24.4	24.3	
2017/05/11 21:50:00	24.3	24.2	
2017/05/11 22:10:00	24.2	24.2	
2017/05/11 22:30:00	24.1	24.1	
2017/05/11 22:50:00	24.1	24.1	
2017/05/11 23:10:00	24.0	24.0	
2017/05/11 23:30:00	23.9	24.1	
2017/05/11 23:50:00	23.8	23.9	
2017/05/12 00:10:00	23.7	23.8	
2017/05/12 00:30:00	23.7	23.7	
2017/05/12 00:50:00	23.6	23.6	
2017/05/12 01:10:00	23.5	23.6	
2017/05/12 01:30:00	23.3	23.4	
2017/05/12 01:50:00	23.3	23.2	
2017/05/12 02:10:00	23.2	23.2	
2017/05/12 02:30:00	23.2	23.1	
2017/05/12 02:50:00	23.2	23.0	
2017/05/12 03:10:00	23.2	22.9	
2017/05/12 03:30:00	23.1	22.9	
2017/05/12 03:50:00	23.1	22.8	
2017/05/12 04:10:00	23.1	22.7	
2017/05/12 04:30:00	23.0	22.7	
2017/05/12 04:50:00	22.9	22.6	
2017/05/12 05:10:00	22.9	22.6	
2017/05/12 05:30:00	22.9	22.5	
2017/05/12 05:50:00	22.8	22.4	
2017/05/12 06:10:00	23.2	22.4	
2017/05/12 06:30:00	23.3	22.4	
2017/05/12 06:50:00	23.4	22.3	
2017/05/12 07:10:00	23.6	22.4	
2017/05/12 07:30:00	23.7	22.4	
2017/05/12 07:50:00	23.8	22.4	
2017/05/12 08:10:00	23.9	22.5	
2017/05/12 08:30:00	23.9	22.6	
2017/05/12 08:50:00	24.0	22.6	
2017/05/12 09:10:00	24.2	22.7	
2017/05/12 09:30:00	24.1	22.6	
2017/05/12 09:50:00	24.2	22.7	
2017/05/12 10:10:00	24.4	22.8	
2017/05/12 10:30:00	24.4	22.7	
2017/05/12 10:50:00	24.6	23.1	
2017/05/12 11:10:00	24.6	23.1	
2017/05/12 11:30:00	24.7	23.1	
2017/05/12 11:50:00	24.9	23.3	
2017/05/12 12:10:00	25.2	23.7	
2017/05/12 12:30:00	24.6	23.9	
2017/05/12 12:50:00	24.7	24.2	
2017/05/12 13:10:00	24.9	24.7	
2017/05/12 13:30:00	24.8	24.6	
2017/05/12 13:50:00	25.0	24.9	
2017/05/12 14:10:00	25.2	25.4	
2017/05/12 14:30:00	25.2	25.2	
2017/05/12 14:50:00	25.2	25.1	
2017/05/12 15:10:00	25.2	25.1	
2017/05/12 15:30:00	25.1	24.9	
2017/05/12 15:50:00	25.1	24.7	
2017/05/12 16:10:00	24.9	24.6	
2017/05/12 16:30:00	24.9	24.6	
2017/05/12 16:50:00	24.8	24.5	
2017/05/12 17:10:00	24.8	24.4	
2017/05/12 17:30:00	24.8	24.4	
2017/05/12 17:50:00	24.7	24.4	
2017/05/12 18:10:00	24.7	24.2	
2017/05/12 18:25:16	24.8	24.5	the add nutrient light came on in the last day--about a week and a half late. I've been using a timer to switch the AeroGarden on and off because I wanted a 14 hour photoperiod instead of its built in 16 hours. The nutient tracker must have non-volatile storage for counting hour with power applied.
2017/05/12 18:30:00	24.7	24.4	
2017/05/12 18:50:00	24.9	24.7	
2017/05/12 19:10:00	24.9	24.8	
2017/05/12 19:30:00	24.9	24.7	
2017/05/12 19:50:00	25.1	24.9	
2017/05/12 20:10:00	24.9	25.0	
2017/05/12 20:30:00	24.7	24.8	
2017/05/12 20:50:00	24.4	24.2	
2017/05/12 21:10:00	24.3	24.3	
2017/05/12 21:30:00	24.2	24.3	
2017/05/12 21:50:00	23.9	23.8	
2017/05/12 22:10:00	23.9	24.1	
2017/05/12 22:30:00	23.7	23.9	
2017/05/12 22:50:00	23.7	23.8	
2017/05/12 23:10:00	23.7	23.8	
2017/05/12 23:30:00	23.6	23.7	
2017/05/12 23:50:00	23.5	23.7	
2017/05/13 00:10:00	23.4	23.6	
2017/05/13 00:30:00	23.3	23.5	
2017/05/13 00:50:00	23.2	23.4	
2017/05/13 01:10:00	23.1	23.2	
2017/05/13 01:30:00	23.0	23.1	
2017/05/13 01:50:00	22.9	22.9	
2017/05/13 02:10:00	22.8	22.9	
2017/05/13 02:30:00	22.6	22.7	
2017/05/13 02:50:00	22.6	22.6	
2017/05/13 03:10:00	22.4	22.5	
2017/05/13 03:30:00	22.3	22.3	
2017/05/13 03:50:00	22.2	22.3	
2017/05/13 04:10:00	22.1	22.1	
2017/05/13 04:30:00	21.9	22.0	
2017/05/13 04:50:00	21.9	21.9	
2017/05/13 05:10:00	21.7	21.7	
2017/05/13 05:30:00	21.6	21.7	
2017/05/13 05:50:00	21.5	21.4	
2017/05/13 06:10:00	21.9	21.4	
2017/05/13 06:30:00	22.1	21.4	
2017/05/13 06:50:00	22.2	21.4	
2017/05/13 07:10:00	22.5	21.4	
2017/05/13 07:30:00	22.6	21.4	
2017/05/13 07:50:00	22.7	21.3	
2017/05/13 08:10:00	22.9	21.6	
2017/05/13 08:30:00	22.9	21.5	
2017/05/13 08:50:00	23.1	21.6	
2017/05/13 09:10:00	23.1	21.6	
2017/05/13 09:30:00	23.4	22.0	
2017/05/13 09:50:00	23.4	22.0	
2017/05/13 10:10:00	23.6	22.2	
2017/05/13 10:30:00	23.8	22.6	
2017/05/13 10:50:00	23.9	22.6	
2017/05/13 11:10:00	24.0	22.7	
2017/05/13 11:30:00	24.3	23.1	
2017/05/13 11:50:00	24.4	23.2	
2017/05/13 12:10:00	24.6	23.5	
2017/05/13 12:30:00	24.7	24.0	
2017/05/13 12:50:00	24.7	24.6	
2017/05/13 13:10:00	24.8	24.6	
2017/05/13 13:30:00	25.2	25.2	
2017/05/13 13:50:00	25.1	25.2	
2017/05/13 14:10:00	25.2	25.3	
2017/05/13 14:30:00	25.2	25.3	
2017/05/13 14:50:00	25.2	25.1	
2017/05/13 15:10:00	25.2	25.1	
2017/05/13 15:30:00	25.2	25.1	
2017/05/13 15:50:00	25.2	25.2	
2017/05/13 16:10:00	25.2	25.2	
2017/05/13 16:30:00	25.2	25.2	
2017/05/13 16:50:00	25.3	25.2	
2017/05/13 17:10:00	25.3	25.2	
2017/05/13 17:30:00	25.4	25.3	
2017/05/13 17:50:00	25.4	25.4	
2017/05/13 18:10:00	25.4	25.4	
2017/05/13 18:30:00	25.4	25.4	
2017/05/13 18:50:00	25.4	25.4	
2017/05/13 19:10:00	25.5	25.4	
2017/05/13 19:30:00	25.4	25.1	
2017/05/13 19:50:00	25.2	24.9	
2017/05/13 20:10:00	24.9	24.8	
2017/05/13 20:30:00	24.8	24.9	
2017/05/13 20:50:00	24.6	24.5	
2017/05/13 21:10:00	24.3	24.1	
2017/05/13 21:30:00	24.3	24.3	
2017/05/13 21:50:00	24.2	24.3	
2017/05/13 22:10:00	23.9	24.0	
2017/05/13 22:30:00	23.6	23.4	
2017/05/13 22:50:00	23.9	24.1	
2017/05/13 23:10:00	23.6	23.6	
2017/05/13 23:30:00	23.6	23.7	
2017/05/13 23:50:00	23.5	23.7	
2017/05/14 00:10:00	23.5	23.7	
2017/05/14 00:30:00	23.5	23.6	
2017/05/14 00:50:00	23.4	23.6	
2017/05/14 01:10:00	23.4	23.5	
2017/05/14 01:30:00	23.4	23.4	
2017/05/14 01:50:00	23.4	23.3	
2017/05/14 02:10:00	23.4	23.3	
2017/05/14 02:30:00	23.4	23.2	
2017/05/14 02:50:00	23.3	23.1	
2017/05/14 03:10:00	23.2	23.1	
2017/05/14 03:30:00	23.2	22.9	
2017/05/14 03:50:00	23.2	22.9	
2017/05/14 04:10:00	23.1	22.8	
2017/05/14 04:30:00	23.1	22.7	
2017/05/14 04:50:00	23.0	22.6	
2017/05/14 05:10:00	23.0	22.6	
2017/05/14 05:30:00	22.9	22.4	
2017/05/14 05:50:00	22.9	22.4	
2017/05/14 06:10:00	23.2	22.5	
2017/05/14 06:30:00	23.4	22.4	
2017/05/14 06:50:00	23.6	22.4	
2017/05/14 07:10:00	23.6	22.4	
2017/05/14 07:30:00	23.7	22.4	
2017/05/14 07:50:00	23.8	22.4	
2017/05/14 08:10:00	23.9	22.4	
2017/05/14 08:30:00	23.9	22.5	
2017/05/14 08:50:00	24.1	22.6	
2017/05/14 09:10:00	24.2	22.7	
2017/05/14 09:30:00	24.2	22.7	
2017/05/14 09:50:00	24.3	22.8	
2017/05/14 10:10:00	24.4	23.0	
2017/05/14 10:30:00	24.5	22.9	
2017/05/14 10:50:00	24.4	23.2	
2017/05/14 11:10:00	24.4	23.9	
2017/05/14 11:30:00	24.2	23.7	
2017/05/14 11:50:00	24.4	24.1	
2017/05/14 12:10:00	24.7	24.7	
2017/05/14 12:30:00	24.7	24.6	
2017/05/14 12:50:00	25.0	24.9	
2017/05/14 13:10:00	25.3	25.5	
2017/05/14 13:30:00	25.1	25.1	
2017/05/14 13:50:00	25.2	25.2	
2017/05/14 14:10:00	25.2	25.1	
2017/05/14 14:30:00	25.1	24.9	
2017/05/14 14:50:00	25.1	24.8	
2017/05/14 15:10:00	25.1	24.9	
2017/05/14 15:30:00	25.2	25.0	
2017/05/14 15:50:00	25.2	25.1	
2017/05/14 16:10:00	25.3	25.1	
2017/05/14 16:30:00	25.4	25.2	
2017/05/14 16:50:00	25.4	25.2	
2017/05/14 17:10:00	25.5	25.4	
2017/05/14 17:30:00	25.5	25.3	
2017/05/14 17:50:00	25.6	25.4	
2017/05/14 18:10:00	25.6	25.4	
2017/05/14 18:30:00	25.6	25.5	
2017/05/14 18:50:00	25.7	25.6	
2017/05/14 19:10:00	25.7	25.6	
2017/05/14 19:30:00	25.7	25.6	
2017/05/14 19:50:00	25.6	25.4	
2017/05/14 20:10:00	25.2	25.1	
2017/05/14 20:30:00	25.1	24.9	
2017/05/14 20:50:00	24.9	24.7	
2017/05/14 21:10:00	24.7	24.7	
2017/05/14 21:30:00	24.6	24.3	
2017/05/14 21:50:00	24.5	24.1	
2017/05/14 22:10:00	24.4	23.9	
2017/05/14 22:30:00	24.3	23.8	
2017/05/14 22:50:00	24.2	23.7	
2017/05/14 23:10:00	24.2	23.6	
2017/05/14 23:30:00	24.2	23.8	
2017/05/14 23:50:00	24.1	23.7	
2017/05/15 00:10:00	24.1	23.9	
2017/05/15 00:30:00	24.0	23.7	
2017/05/15 00:50:00	24.0	23.8	
2017/05/15 01:10:00	23.9	23.9	
2017/05/15 01:30:00	23.9	23.9	
2017/05/15 01:50:00	23.9	23.9	
2017/05/15 02:10:00	23.9	23.9	
2017/05/15 02:30:00	23.9	23.9	
2017/05/15 02:50:00	23.8	24.0	
2017/05/15 03:10:00	23.8	23.9	
2017/05/15 03:30:00	23.7	23.9	
2017/05/15 03:50:00	23.7	23.9	
2017/05/15 04:10:00	23.7	23.7	
2017/05/15 04:30:00	23.7	23.8	
2017/05/15 04:50:00	23.7	23.7	
2017/05/15 05:10:00	23.6	23.7	
2017/05/15 05:30:00	23.6	23.7	
2017/05/15 05:50:00	23.6	23.6	
2017/05/15 06:10:00	23.9	23.7	
2017/05/15 06:30:00	24.2	23.8	
2017/05/15 06:50:00	24.5	23.8	
2017/05/15 07:10:00	24.6	23.7	
2017/05/15 07:30:00	24.8	23.8	
2017/05/15 07:50:00	24.9	23.9	
2017/05/15 08:10:00	25.0	23.9	
2017/05/15 08:30:00	25.2	24.1	
2017/05/15 08:50:00	25.2	24.1	
2017/05/15 09:10:00	25.4	24.2	
2017/05/15 09:30:00	25.3	24.4	
2017/05/15 09:32:32	25.3	24.4	lights out to let plants rrst before nutrient change
2017/05/15 09:50:00	25.2	24.2	
2017/05/15 10:10:00	24.9	24.7	
2017/05/15 10:30:00	25.0	25.1	
2017/05/15 10:50:00	24.8	24.7	
2017/05/15 11:10:00	24.8	24.9	
2017/05/15 11:30:00	24.6	24.6	
2017/05/15 11:50:00	24.6	24.7	
2017/05/15 12:10:00	24.4	24.4	
2017/05/15 12:30:00	24.6	24.9	
2017/05/15 12:33:11	24.6	24.8	siphoned out old nutrients and mixed a new batch
2017/05/15 12:50:00	24.7	24.8	
2017/05/15 13:10:00	24.8	24.9	
2017/05/15 13:30:00	25.0	25.1	
2017/05/15 13:50:00	25.1	25.2	
2017/05/15 14:10:00	25.1	25.2	
2017/05/15 14:30:00	25.2	25.3	
2017/05/15 14:50:00	25.3	25.4	
2017/05/15 15:10:00	25.4	25.4	
2017/05/15 15:30:00	25.4	25.3	
2017/05/15 15:50:00	25.4	25.4	
2017/05/15 16:10:00	25.5	25.4	
2017/05/15 16:30:00	25.6	25.4	
2017/05/15 16:50:00	25.6	25.4	
2017/05/15 17:10:00	25.7	25.6	
2017/05/15 17:30:00	25.7	25.7	
2017/05/15 17:50:00	25.7	25.6	
2017/05/15 18:10:00	25.9	25.7	
2017/05/15 18:30:00	25.8	25.6	
2017/05/15 18:50:00	25.8	25.6	
2017/05/15 19:10:00	25.8	25.6	
2017/05/15 19:30:00	25.8	25.6	
2017/05/15 19:50:00	25.8	25.6	
2017/05/15 20:10:00	25.5	25.3	
2017/05/15 20:30:00	25.3	25.1	
2017/05/15 20:50:00	25.1	24.9	
2017/05/15 21:10:00	24.9	24.8	
2017/05/15 21:30:00	24.7	24.7	
2017/05/15 21:50:00	24.6	24.4	
2017/05/15 22:10:00	24.4	24.3	
2017/05/15 22:30:00	24.2	24.1	
2017/05/15 22:50:00	24.2	24.2	
2017/05/15 23:10:00	24.3	24.4	
2017/05/15 23:30:00	24.1	24.3	
2017/05/15 23:50:00	24.1	24.3	
2017/05/16 00:10:00	23.9	24.1	
2017/05/16 00:30:00	23.9	23.9	
2017/05/16 00:50:00	24.0	24.3	
2017/05/16 01:10:00	23.6	24.1	
2017/05/16 01:30:00	23.6	24.1	
2017/05/16 01:50:00	23.6	24.1	
2017/05/16 02:10:00	23.7	24.2	
2017/05/16 02:30:00	23.7	24.2	
2017/05/16 02:50:00	23.7	24.1	
2017/05/16 03:10:00	23.7	24.1	
2017/05/16 03:30:00	23.7	24.1	
2017/05/16 03:50:00	23.7	24.1	
2017/05/16 04:10:00	23.7	24.1	
2017/05/16 04:30:00	23.7	23.9	
2017/05/16 04:50:00	23.7	23.9	
2017/05/16 05:10:00	23.7	23.9	
2017/05/16 05:30:00	23.7	23.8	
2017/05/16 05:50:00	23.7	23.8	
2017/05/16 06:10:00	24.1	24.0	
2017/05/16 06:30:00	24.2	23.9	
2017/05/16 06:50:00	24.6	23.9	
2017/05/16 07:10:00	24.8	24.1	
2017/05/16 07:30:00	24.9	23.9	
2017/05/16 07:50:00	25.1	24.0	
2017/05/16 08:10:00	25.2	24.1	
2017/05/16 08:30:00	25.2	24.1	
2017/05/16 08:50:00	25.3	24.0	
2017/05/16 09:10:00	25.4	24.1	
2017/05/16 09:30:00	25.4	24.1	
2017/05/16 09:50:00	25.1	24.2	
2017/05/16 10:10:00	25.1	24.5	
2017/05/16 10:30:00	25.0	24.4	
2017/05/16 10:50:00	25.1	24.6	
2017/05/16 11:10:00	25.3	25.2	
2017/05/16 11:30:00	25.2	25.1	
2017/05/16 11:50:00	25.6	25.4	
2017/05/16 12:10:00	25.7	25.7	
2017/05/16 12:30:00	25.6	25.6	
2017/05/16 12:50:00	25.6	25.5	
2017/05/16 13:10:00	25.7	25.6	
2017/05/16 13:30:00	25.6	25.4	
2017/05/16 13:50:00	25.6	25.3	
2017/05/16 14:10:00	25.2	24.8	
2017/05/16 14:30:00	24.9	24.3	
2017/05/16 14:50:00	24.7	24.1	
2017/05/16 15:10:00	24.7	24.1	
2017/05/16 15:30:00	24.6	24.2	
2017/05/16 15:50:00	24.5	24.1	
2017/05/16 16:10:00	24.2	23.8	
2017/05/16 16:30:00	24.3	24.0	
2017/05/16 16:50:00	24.3	24.1	
2017/05/16 17:10:00	24.6	24.4	
2017/05/16 17:30:00	24.7	24.7	
2017/05/16 17:50:00	25.0	25.0	
2017/05/16 18:10:00	25.1	25.1	
2017/05/16 18:30:00	25.2	25.2	
2017/05/16 18:50:00	25.4	25.4	
2017/05/16 19:10:00	25.4	25.4	
2017/05/16 19:30:00	25.5	25.5	
2017/05/16 19:50:00	25.4	25.2	
2017/05/16 20:10:00	25.2	25.2	
2017/05/16 20:30:00	25.2	25.2	
2017/05/16 20:50:00	24.8	24.5	
2017/05/16 21:10:00	24.6	24.6	
2017/05/16 21:30:00	24.5	24.1	
2017/05/16 21:50:00	24.4	24.1	
2017/05/16 22:10:00	24.3	23.9	
2017/05/16 22:30:00	24.2	23.7	
2017/05/16 22:50:00	24.2	23.7	
2017/05/16 23:10:00	24.2	24.1	
2017/05/16 23:30:00	24.2	23.9	
2017/05/16 23:50:00	24.2	24.1	
2017/05/17 00:10:00	24.2	24.0	
2017/05/17 00:30:00	24.2	24.1	
2017/05/17 00:50:00	24.1	24.1	
2017/05/17 01:10:00	24.1	24.0	
2017/05/17 01:30:00	24.1	24.0	
2017/05/17 01:50:00	24.1	24.0	
2017/05/17 02:10:00	24.1	23.9	
2017/05/17 02:30:00	24.0	23.9	
2017/05/17 02:50:00	24.0	23.8	
2017/05/17 03:10:00	23.9	23.6	
2017/05/17 03:30:00	23.9	23.6	
2017/05/17 03:50:00	23.9	23.6	
2017/05/17 04:10:00	23.8	23.4	
2017/05/17 04:30:00	23.8	23.4	
2017/05/17 04:50:00	23.7	23.4	
2017/05/17 05:10:00	23.7	23.2	
2017/05/17 05:30:00	23.6	23.2	
2017/05/17 05:50:00	23.6	23.2	
2017/05/17 06:10:00	23.8	23.2	
2017/05/17 06:30:00	23.9	23.2	
2017/05/17 06:50:00	24.1	23.2	
2017/05/17 07:10:00	24.2	23.2	
2017/05/17 07:30:00	24.3	23.2	
2017/05/17 07:50:00	24.4	23.2	
2017/05/17 08:10:00	24.4	23.3	
2017/05/17 08:30:00	24.6	23.4	
2017/05/17 08:50:00	24.6	23.6	
2017/05/17 09:10:00	24.7	23.6	
2017/05/17 09:30:00	24.9	23.7	
2017/05/17 09:50:00	24.5	23.9	
2017/05/17 10:10:00	24.4	23.9	
2017/05/17 10:30:00	24.6	24.2	
2017/05/17 10:50:00	24.5	24.1	
2017/05/17 11:10:00	24.6	24.2	
2017/05/17 11:30:00	24.7	24.7	
2017/05/17 11:50:00	24.7	24.6	
2017/05/17 12:10:00	24.8	24.7	
2017/05/17 12:30:00	25.1	25.3	
2017/05/17 12:50:00	25.1	25.2	
2017/05/17 13:10:00	25.2	25.2	
2017/05/17 13:30:00	25.2	25.2	
2017/05/17 13:50:00	25.0	24.7	
2017/05/17 14:10:00	25.0	24.7	
2017/05/17 14:30:00	25.1	24.8	
2017/05/17 14:50:00	25.1	24.9	
2017/05/17 15:10:00	25.0	24.7	
2017/05/17 15:30:00	25.0	24.7	
2017/05/17 15:50:00	25.0	24.7	
2017/05/17 16:10:00	24.9	24.7	
2017/05/17 16:30:00	24.9	24.7	
2017/05/17 16:50:00	24.9	24.7	
2017/05/17 17:10:00	24.9	24.7	
2017/05/17 17:30:00	24.9	24.7	
2017/05/17 17:50:00	24.9	24.7	
2017/05/17 18:10:00	25.1	25.0	
2017/05/17 18:30:00	25.2	25.2	
2017/05/17 18:50:00	25.1	25.0	
2017/05/17 19:10:00	25.2	25.1	
2017/05/17 19:30:00	25.1	24.9	
2017/05/17 19:50:00	25.1	24.8	
2017/05/17 20:10:00	24.8	24.7	
2017/05/17 20:30:00	24.7	24.7	
2017/05/17 20:50:00	24.5	24.2	
2017/05/17 21:10:00	24.4	23.9	
2017/05/17 21:30:00	24.2	23.7	
2017/05/17 21:50:00	24.2	23.6	
2017/05/17 22:10:00	24.1	23.7	
2017/05/17 22:30:00	24.1	23.9	
2017/05/17 22:50:00	24.0	24.1	
2017/05/17 23:10:00	24.1	24.1	
2017/05/17 23:30:00	23.9	24.1	
2017/05/17 23:50:00	23.9	24.0	
2017/05/18 00:10:00	23.9	24.1	
2017/05/18 00:30:00	23.8	24.0	
2017/05/18 00:50:00	23.7	23.9	
2017/05/18 01:10:00	23.7	23.2	
2017/05/18 01:30:00	23.7	23.4	
2017/05/18 01:50:00	23.6	23.1	
2017/05/18 02:10:00	23.6	23.2	
2017/05/18 02:30:00	23.6	23.2	
2017/05/18 02:50:00	23.5	23.2	
2017/05/18 03:10:00	23.5	23.2	
2017/05/18 03:30:00	23.4	23.1	
2017/05/18 03:50:00	23.4	23.1	
2017/05/18 04:10:00	23.3	23.1	
2017/05/18 04:30:00	23.3	22.9	
2017/05/18 04:50:00	23.2	22.9	
2017/05/18 05:10:00	23.2	23.0	
2017/05/18 05:30:00	23.1	22.9	
2017/05/18 05:50:00	23.0	22.9	
2017/05/18 06:10:00	23.4	23.1	
2017/05/18 06:30:00	23.5	23.0	
2017/05/18 06:50:00	23.7	23.1	
2017/05/18 07:10:00	23.9	23.2	
2017/05/18 07:30:00	24.0	23.1	
2017/05/18 07:50:00	24.2	23.1	
2017/05/18 08:10:00	24.3	23.3	
2017/05/18 08:30:00	24.3	23.1	
2017/05/18 08:50:00	24.5	23.3	
2017/05/18 09:10:00	24.6	23.4	
2017/05/18 09:30:00	24.6	23.3	
2017/05/18 09:50:00	24.8	23.6	
2017/05/18 10:10:00	24.9	23.7	
2017/05/18 10:30:00	24.9	23.7	
2017/05/18 10:50:00	24.7	24.2	
2017/05/18 11:10:00	24.7	24.4	
2017/05/18 11:30:00	24.7	24.4	
2017/05/18 11:50:00	24.8	24.6	
2017/05/18 12:10:00	24.9	24.9	
2017/05/18 12:30:00	24.9	24.8	
2017/05/18 12:50:00	25.2	25.4	
2017/05/18 13:10:00	25.2	25.2	
2017/05/18 13:30:00	25.2	25.2	
2017/05/18 13:50:00	25.1	24.9	
2017/05/18 14:10:00	25.0	24.7	
2017/05/18 14:30:00	25.0	24.7	
2017/05/18 14:50:00	24.9	24.8	
2017/05/18 15:10:00	24.8	24.4	
2017/05/18 15:30:00	24.9	24.6	
2017/05/18 15:44:49			The server just re-started
2017/05/18 15:47:17			The server just re-started
2017/05/18 15:47:23	24.7	24.3	
2017/05/18 15:50:00	24.7	24.6	
2017/05/18 16:10:00	24.5	24.1	
2017/05/18 16:30:00	24.6	24.2	
2017/05/18 16:50:00	24.6	24.2	
2017/05/18 17:10:00	24.6	24.2	
2017/05/18 17:30:00	24.6	24.4	
2017/05/18 17:50:00	24.8	24.8	
2017/05/18 18:10:00	24.9	24.9	
2017/05/18 18:30:00	24.9	24.8	
2017/05/18 18:50:00	24.8	24.7	
2017/05/18 19:10:00	24.9	25.0	
2017/05/18 19:30:00	25.0	24.9	
2017/05/18 19:50:00	24.9	24.8	
2017/05/18 20:10:00	24.8	24.7	
2017/05/18 20:30:00	24.7	24.6	
2017/05/18 20:50:00	24.6	24.2	
2017/05/18 21:10:00	24.5	24.2	
2017/05/18 21:30:00	24.4	23.9	
2017/05/18 21:50:00	24.4	24.0	
2017/05/18 22:10:00	24.3	23.8	
2017/05/18 22:30:00	24.2	23.8	
2017/05/18 22:50:00	24.2	23.9	
2017/05/18 23:10:00	24.1	23.9	
2017/05/18 23:30:00	24.1	23.4	
2017/05/18 23:50:00	24.1	23.6	
2017/05/19 00:10:00	24.0	23.5	
2017/05/19 00:30:00	23.9	23.4	
2017/05/19 00:50:00	23.8	23.2	
2017/05/19 01:10:00	23.8	23.3	
2017/05/19 01:30:00	23.7	23.3	
2017/05/19 01:50:00	23.7	23.3	
2017/05/19 02:10:00	23.7	23.2	
2017/05/19 02:30:00	23.6	23.2	
2017/05/19 02:50:00	23.6	23.2	
2017/05/19 03:10:00	23.6	23.1	
2017/05/19 03:30:00	23.5	23.2	
2017/05/19 03:50:00	23.4	23.1	
2017/05/19 04:10:00	23.4	23.1	
2017/05/19 04:30:00	23.4	23.1	
2017/05/19 04:50:00	23.3	23.0	
2017/05/19 05:10:00	23.3	23.0	
2017/05/19 05:30:00	23.2	23.0	
2017/05/19 05:50:00	23.2	22.9	
2017/05/19 06:10:00	23.4	22.9	
2017/05/19 06:30:00	23.6	23.0	
2017/05/19 06:50:00	23.6	23.0	
2017/05/19 07:10:00	23.9	22.9	
2017/05/19 07:30:00	24.1	23.1	
2017/05/19 07:50:00	24.1	23.1	
2017/05/19 08:10:00	24.2	23.0	
2017/05/19 08:30:00	24.4	23.2	
2017/05/19 08:50:00	24.3	23.1	
2017/05/19 09:10:00	24.4	23.1	
2017/05/19 09:30:00	24.6	23.4	
2017/05/19 09:50:00	24.6	23.1	
2017/05/19 10:10:00	24.6	23.2	
2017/05/19 10:30:00	24.7	23.3	
2017/05/19 10:50:00	24.7	23.2	
2017/05/19 11:10:00	24.7	23.1	
2017/05/19 11:30:00	24.8	23.4	
2017/05/19 11:50:00	24.3	23.2	
2017/05/19 12:10:00	24.2	23.4	
2017/05/19 12:30:00	24.2	23.6	
2017/05/19 12:50:00	24.1	23.6	
2017/05/19 13:10:00	24.1	23.6	
2017/05/19 13:30:00	24.1	23.8	
2017/05/19 13:50:00	23.9	23.6	
2017/05/19 14:10:00	23.9	23.6	
2017/05/19 14:30:00	24.0	23.7	
2017/05/19 14:50:00	24.0	23.7	
2017/05/19 15:10:00	24.1	23.8	
2017/05/19 15:30:00	24.2	24.1	
2017/05/19 15:50:00	24.1	23.8	
2017/05/19 16:09:49	24.1	23.7	turned lights, fan, and pump off for the quiet
2017/05/19 16:10:00	24.1	23.7	
2017/05/19 16:30:00	24.0	23.7	
2017/05/19 16:50:00	24.2	23.7	
2017/05/19 17:10:00	24.1	23.6	
2017/05/19 17:14:39	24.0	23.6	harvested 7 grams. tasted good. shutting this down.
2017/05/19 17:30:00	24.0	23.6	
